Id,Email,Tipe Laptop,Nama,NIP,Eselon III,Eselon IV,Merk Laptop,,NUP Laptop,NUP Usulan,"Apakah Anda memiliki lebih dari 1 laptop? Jika iya, sebutkan merk, tipe, NUP laptop lainnya",Upload Foto Laptop,Upload BAST Peminjaman
1,cucun.handoko@kemenkeu.go.id,F1 D14 DN50 5C,Cucun Handoko,198605012009121008,Bagian Sumber Daya Manusia,Subbagian Pengembangan Karier,DAC,,1133,1133,,https://kemenkeu-my.sharepoint.com/personal/alifia_safira_kemenkeu_go_id/Documents/Apps/Microsoft%20Forms/Inventarisasi%20Laptop%20Pegawai%20(3)/Upload%20Foto%20Laptop%2018/WhatsApp%20Image%202026-05-07%20at%2010.33.34%20AM%20(1)_Cucun%20Handoko.jpeg; https://kemenkeu-my.sharepoint.com/personal/alifia_safira_kemenkeu_go_id/Documents/Apps/Microsoft%20Forms/Inventarisasi%20Laptop%20Pegawai%20(3)/Upload%20Foto%20Laptop%2018/WhatsApp%20Image%202026-05-07%20at%2010.33.34%20AM_Cucun%20Handoko.jpeg; https://kemenkeu-my.sharepoint.com/personal/alifia_safira_kemenkeu_go_id/Documents/Apps/Microsoft%20Forms/Inventarisasi%20Laptop%20Pegawai%20(3)/Upload%20Foto%20Laptop%2018/WhatsApp%20Image%202026-05-07%20at%2010.33.33%20AM_Cucun%20Handoko.jpeg,https://kemenkeu-my.sharepoint.com/personal/alifia_safira_kemenkeu_go_id/Documents/Apps/Microsoft%20Forms/Inventarisasi%20Laptop%20Pegawai%20(3)/Upload%20BAST%20Peminjaman%2018/Surat%20Pernyataan%20Peminjaman%20BMN%20Cucun%20(1)_Cucun%20Handoko.pdf
2,mk.amri@kemenkeu.go.id,Probook 430 G7,Muhammad Khoirul Amri,198606172008121004,Bagian Perencanaan dan Keuangan,Subbagian Perencanaan Anggaran,HP,,962,962,,https://kemenkeu-my.sharepoint.com/personal/alifia_safira_kemenkeu_go_id/Documents/Apps/Microsoft%20Forms/Inventarisasi%20Laptop%20Pegawai%20(3)/Upload%20Foto%20Laptop%2019/WhatsApp%20Image%202026-05-07%20at%2010.46.31%20(1)_Muhammad%20Khoirul%20Amr.jpeg; https://kemenkeu-my.sharepoint.com/personal/alifia_safira_kemenkeu_go_id/Documents/Apps/Microsoft%20Forms/Inventarisasi%20Laptop%20Pegawai%20(3)/Upload%20Foto%20Laptop%2019/WhatsApp%20Image%202026-05-07%20at%2010.46.31_Muhammad%20Khoirul%20Amr.jpeg; https://kemenkeu-my.sharepoint.com/personal/alifia_safira_kemenkeu_go_id/Documents/Apps/Microsoft%20Forms/Inventarisasi%20Laptop%20Pegawai%20(3)/Upload%20Foto%20Laptop%2019/WhatsApp%20Image%202026-05-07%20at%2010.46.30_Muhammad%20Khoirul%20Amr.jpeg,https://kemenkeu-my.sharepoint.com/personal/alifia_safira_kemenkeu_go_id/Documents/Apps/Microsoft%20Forms/Inventarisasi%20Laptop%20Pegawai%20(3)/Upload%20BAST%20Peminjaman%2019/peminjaman%20BMN_Muhammad%20Khoirul%20Amr.pdf
3,karim.nawawi@kemenkeu.go.id,Travelmate TMP214 Core i5,Abdul Karim Nawawi,199610202018011001,Bagian Organisasi dan Kepatuhan Internal,Subbagian Tata Laksana,Acer,,810,810,,https://kemenkeu-my.sharepoint.com/personal/alifia_safira_kemenkeu_go_id/Documents/Apps/Microsoft%20Forms/Inventarisasi%20Laptop%20Pegawai%20(3)/Upload%20Foto%20Laptop%2017/WhatsApp%20Image%202026-05-07%20at%2010.50.24%20AM%20(2)_Abdul%20Karim%20Nawawi.jpeg; https://kemenkeu-my.sharepoint.com/personal/alifia_safira_kemenkeu_go_id/Documents/Apps/Microsoft%20Forms/Inventarisasi%20Laptop%20Pegawai%20(3)/Upload%20Foto%20Laptop%2017/WhatsApp%20Image%202026-05-07%20at%2010.50.24%20AM%20(1)_Abdul%20Karim%20Nawawi.jpeg; https://kemenkeu-my.sharepoint.com/personal/alifia_safira_kemenkeu_go_id/Documents/Apps/Microsoft%20Forms/Inventarisasi%20Laptop%20Pegawai%20(3)/Upload%20Foto%20Laptop%2017/WhatsApp%20Image%202026-05-07%20at%2010.50.24%20AM_Abdul%20Karim%20Nawawi.jpeg,https://kemenkeu-my.sharepoint.com/personal/alifia_safira_kemenkeu_go_id/Documents/Apps/Microsoft%20Forms/Inventarisasi%20Laptop%20Pegawai%20(3)/Upload%20BAST%20Peminjaman%2017/Surat%20Peminjaman%20BMN%20Laptop%20Karim_Abdul%20Karim%20Nawawi.pdf
4,teguh.tri@kemenkeu.go.id,Probook 430 G7,Teguh trisugiarto,198312212010121002,Fungsional,,HP,,974,974,,https://kemenkeu-my.sharepoint.com/personal/alifia_safira_kemenkeu_go_id/Documents/Apps/Microsoft%20Forms/Inventarisasi%20Laptop%20Pegawai%20(3)/Upload%20Foto%20Laptop%201/WhatsApp%20Image%202026-05-07%20at%2010.50.54%20(1)_Teguh%20Trisugiarto.jpeg; https://kemenkeu-my.sharepoint.com/personal/alifia_safira_kemenkeu_go_id/Documents/Apps/Microsoft%20Forms/Inventarisasi%20Laptop%20Pegawai%20(3)/Upload%20Foto%20Laptop%201/WhatsApp%20Image%202026-05-07%20at%2010.50.54_Teguh%20Trisugiarto.jpeg; https://kemenkeu-my.sharepoint.com/personal/alifia_safira_kemenkeu_go_id/Documents/Apps/Microsoft%20Forms/Inventarisasi%20Laptop%20Pegawai%20(3)/Upload%20Foto%20Laptop%201/WhatsApp%20Image%202026-05-07%20at%2010.50.55_Teguh%20Trisugiarto.jpeg,https://kemenkeu-my.sharepoint.com/personal/alifia_safira_kemenkeu_go_id/Documents/Apps/Microsoft%20Forms/Inventarisasi%20Laptop%20Pegawai%20(3)/Upload%20BAST%20Peminjaman%201/Peminjaman%20BMN%20Laptop%202026%20Mei%2007_Teguh%20Trisugiarto.pdf
5,ade.hayuningrat@kemenkeu.go.id,F1 D14 DN50 5C,Ade Hidayat Hayuningrat,198609052008121002,Bagian Sumber Daya Manusia,Subbagian Pengelolaan Jabatan Fungsional,DAC,,1126,1126,,https://kemenkeu-my.sharepoint.com/personal/alifia_safira_kemenkeu_go_id/Documents/Apps/Microsoft%20Forms/Inventarisasi%20Laptop%20Pegawai%20(3)/Upload%20Foto%20Laptop%2018/1_Ade%20Hidayat%20Hayuning.jpeg; https://kemenkeu-my.sharepoint.com/personal/alifia_safira_kemenkeu_go_id/Documents/Apps/Microsoft%20Forms/Inventarisasi%20Laptop%20Pegawai%20(3)/Upload%20Foto%20Laptop%2018/2_Ade%20Hidayat%20Hayuning.jpeg; https://kemenkeu-my.sharepoint.com/personal/alifia_safira_kemenkeu_go_id/Documents/Apps/Microsoft%20Forms/Inventarisasi%20Laptop%20Pegawai%20(3)/Upload%20Foto%20Laptop%2018/3_Ade%20Hidayat%20Hayuning.jpeg,https://kemenkeu-my.sharepoint.com/personal/alifia_safira_kemenkeu_go_id/Documents/Apps/Microsoft%20Forms/Inventarisasi%20Laptop%20Pegawai%20(3)/Upload%20BAST%20Peminjaman%2018/Surat%20Pernyataan%20Peminjaman%20BMN%20Ade%20Hidayat%20H_Ade%20Hidayat%20Hayuning.pdf
6,satria.tradi@kemenkeu.go.id,F1 D14 DN50 5C,Satria Tradinatama,199208102014111001,Bagian Sumber Daya Manusia,Subbagian Pengelolaan Jabatan Fungsional,DAC,,1167,1167,,https://kemenkeu-my.sharepoint.com/personal/alifia_safira_kemenkeu_go_id/Documents/Apps/Microsoft%20Forms/Inventarisasi%20Laptop%20Pegawai%20(3)/Upload%20Foto%20Laptop%2018/Tampak%20Atas_Satria%20Tradinatama.jpeg; https://kemenkeu-my.sharepoint.com/personal/alifia_safira_kemenkeu_go_id/Documents/Apps/Microsoft%20Forms/Inventarisasi%20Laptop%20Pegawai%20(3)/Upload%20Foto%20Laptop%2018/Tampak%20Bawah_Satria%20Tradinatama.jpeg; https://kemenkeu-my.sharepoint.com/personal/alifia_safira_kemenkeu_go_id/Documents/Apps/Microsoft%20Forms/Inventarisasi%20Laptop%20Pegawai%20(3)/Upload%20Foto%20Laptop%2018/Tampak%20Depan_Satria%20Tradinatama.jpeg,https://kemenkeu-my.sharepoint.com/personal/alifia_safira_kemenkeu_go_id/Documents/Apps/Microsoft%20Forms/Inventarisasi%20Laptop%20Pegawai%20(3)/Upload%20BAST%20Peminjaman%2018/Surat%20Pernyataan%20Peminjaman%20BMN%20Mei%202026_Satr_Satria%20Tradinatama.pdf
7,yogaegi@kemenkeu.go.id,ID77,Yoga Eginanda,199106292013101003,Bagian Organisasi dan Kepatuhan Internal,Subbagian Pengelolaan Kinerja dan Risiko Organisasi,iCherry,,942,942,,https://kemenkeu-my.sharepoint.com/personal/alifia_safira_kemenkeu_go_id/Documents/Apps/Microsoft%20Forms/Inventarisasi%20Laptop%20Pegawai%20(3)/Upload%20Foto%20Laptop%2017/Laptop%2003_Yoga%20Eginanda.jpeg; https://kemenkeu-my.sharepoint.com/personal/alifia_safira_kemenkeu_go_id/Documents/Apps/Microsoft%20Forms/Inventarisasi%20Laptop%20Pegawai%20(3)/Upload%20Foto%20Laptop%2017/Laptop%2002_Yoga%20Eginanda.jpeg; https://kemenkeu-my.sharepoint.com/personal/alifia_safira_kemenkeu_go_id/Documents/Apps/Microsoft%20Forms/Inventarisasi%20Laptop%20Pegawai%20(3)/Upload%20Foto%20Laptop%2017/Laptop%2001_Yoga%20Eginanda.jpeg,https://kemenkeu-my.sharepoint.com/personal/alifia_safira_kemenkeu_go_id/Documents/Apps/Microsoft%20Forms/Inventarisasi%20Laptop%20Pegawai%20(3)/Upload%20BAST%20Peminjaman%2017/Surat%20Pernyataan%20Peminjaman%20BMN_Yoga%20Eginanda.pdf
8,iqbal.ramadhan@kemenkeu.go.id,F1 D14 DN50 5C,Iqbal Ramadhan,199701312018011002,Bagian Umum,Subbagian Perencanaan dan Pengadaan,DAC,,1142,1142,,https://kemenkeu-my.sharepoint.com/personal/alifia_safira_kemenkeu_go_id/Documents/Apps/Microsoft%20Forms/Inventarisasi%20Laptop%20Pegawai%20(3)/Upload%20Foto%20Laptop%2021/depan_Iqbal%20Ramadhan.jpeg; https://kemenkeu-my.sharepoint.com/personal/alifia_safira_kemenkeu_go_id/Documents/Apps/Microsoft%20Forms/Inventarisasi%20Laptop%20Pegawai%20(3)/Upload%20Foto%20Laptop%2021/belakang_Iqbal%20Ramadhan.jpeg; https://kemenkeu-my.sharepoint.com/personal/alifia_safira_kemenkeu_go_id/Documents/Apps/Microsoft%20Forms/Inventarisasi%20Laptop%20Pegawai%20(3)/Upload%20Foto%20Laptop%2021/bawah_Iqbal%20Ramadhan.jpeg,https://kemenkeu-my.sharepoint.com/personal/alifia_safira_kemenkeu_go_id/Documents/Apps/Microsoft%20Forms/Inventarisasi%20Laptop%20Pegawai%20(3)/Upload%20BAST%20Peminjaman%2021/Surat%20Pernyataan%20Peminjaman%20BMN%20-%20iqbal%20ramad_Iqbal%20Ramadhan.pdf
9,sri.salim@kemenkeu.go.id,F1 D14 DN50 5C,Sri Asih Suryani Salim,199612122018012001,Bagian Organisasi dan Kepatuhan Internal,Subbagian Organisasi,DAC,,1172,1172,,https://kemenkeu-my.sharepoint.com/personal/alifia_safira_kemenkeu_go_id/Documents/Apps/Microsoft%20Forms/Inventarisasi%20Laptop%20Pegawai%20(3)/Upload%20Foto%20Laptop%2017/WhatsApp%20Image%202026-05-07%20at%2011.13.17_Sri%20Asih%20Suryani%20%20Sa.jpeg,https://kemenkeu-my.sharepoint.com/personal/alifia_safira_kemenkeu_go_id/Documents/Apps/Microsoft%20Forms/Inventarisasi%20Laptop%20Pegawai%20(3)/Upload%20BAST%20Peminjaman%2017/Form%20Pinjam%20Laptop_Sri%20Asih%20Suryani%20%20Sa.pdf
10,novi.hakim@kemenkeu.go.id,F1 D14 DN50 5C,Novi Kesuma Hakim,198411282009012005,Bagian Organisasi dan Kepatuhan Internal,Subbagian Hukum dan Kepatuhan Internal,DAC,,1159,1159,,https://kemenkeu-my.sharepoint.com/personal/alifia_safira_kemenkeu_go_id/Documents/Apps/Microsoft%20Forms/Inventarisasi%20Laptop%20Pegawai%20(3)/Upload%20Foto%20Laptop%2017/Tampak%20Depan_Novi%20Kesuma%20Hakim.jpeg; https://kemenkeu-my.sharepoint.com/personal/alifia_safira_kemenkeu_go_id/Documents/Apps/Microsoft%20Forms/Inventarisasi%20Laptop%20Pegawai%20(3)/Upload%20Foto%20Laptop%2017/Tampak%20Bawah_Novi%20Kesuma%20Hakim.jpeg; https://kemenkeu-my.sharepoint.com/personal/alifia_safira_kemenkeu_go_id/Documents/Apps/Microsoft%20Forms/Inventarisasi%20Laptop%20Pegawai%20(3)/Upload%20Foto%20Laptop%2017/Tampak%20Belakang_Novi%20Kesuma%20Hakim.jpeg,https://kemenkeu-my.sharepoint.com/personal/alifia_safira_kemenkeu_go_id/Documents/Apps/Microsoft%20Forms/Inventarisasi%20Laptop%20Pegawai%20(3)/Upload%20BAST%20Peminjaman%2017/Form%20Peminjaman%20Laptop%20a.n.%20Novi%20Kesuma%20Hakim_Novi%20Kesuma%20Hakim.pdf
11,elviera.purwanti@kemenkeu.go.id,ID77,Elviera Rossi Purwanti,198810092009122003,Bagian Organisasi dan Kepatuhan Internal,Subbagian Organisasi,iCherry,,944,944,,https://kemenkeu-my.sharepoint.com/personal/alifia_safira_kemenkeu_go_id/Documents/Apps/Microsoft%20Forms/Inventarisasi%20Laptop%20Pegawai%20(3)/Upload%20Foto%20Laptop%2017/laptop%20dpn_Elviera%20Rossi%20Purwan.jpeg; https://kemenkeu-my.sharepoint.com/personal/alifia_safira_kemenkeu_go_id/Documents/Apps/Microsoft%20Forms/Inventarisasi%20Laptop%20Pegawai%20(3)/Upload%20Foto%20Laptop%2017/laptop%20bwh_Elviera%20Rossi%20Purwan.jpeg; https://kemenkeu-my.sharepoint.com/personal/alifia_safira_kemenkeu_go_id/Documents/Apps/Microsoft%20Forms/Inventarisasi%20Laptop%20Pegawai%20(3)/Upload%20Foto%20Laptop%2017/laptop%20blkg_Elviera%20Rossi%20Purwan.jpeg,https://kemenkeu-my.sharepoint.com/personal/alifia_safira_kemenkeu_go_id/Documents/Apps/Microsoft%20Forms/Inventarisasi%20Laptop%20Pegawai%20(3)/Upload%20BAST%20Peminjaman%2017/Surat%20Pernyataan%20Peminjaman%20BMN%20(DS)_Elviera%20Rossi%20Purwan.pdf
12,alfan.fahravi@kemenkeu.go.id,IP5,Alfan Fahravi,198605122009121005,Bagian Umum,Subbagian Perencanaan dan Pengadaan,Lenovo,,998,998,,https://kemenkeu-my.sharepoint.com/personal/alifia_safira_kemenkeu_go_id/Documents/Apps/Microsoft%20Forms/Inventarisasi%20Laptop%20Pegawai%20(3)/Upload%20Foto%20Laptop%2021/WhatsApp%20Image%202026-05-07%20at%2011.14.48%20AM%20(2)_Alfan%20Fahravi.jpeg; https://kemenkeu-my.sharepoint.com/personal/alifia_safira_kemenkeu_go_id/Documents/Apps/Microsoft%20Forms/Inventarisasi%20Laptop%20Pegawai%20(3)/Upload%20Foto%20Laptop%2021/WhatsApp%20Image%202026-05-07%20at%2011.14.48%20AM%20(1)_Alfan%20Fahravi.jpeg; https://kemenkeu-my.sharepoint.com/personal/alifia_safira_kemenkeu_go_id/Documents/Apps/Microsoft%20Forms/Inventarisasi%20Laptop%20Pegawai%20(3)/Upload%20Foto%20Laptop%2021/WhatsApp%20Image%202026-05-07%20at%2011.14.48%20AM_Alfan%20Fahravi.jpeg,https://kemenkeu-my.sharepoint.com/personal/alifia_safira_kemenkeu_go_id/Documents/Apps/Microsoft%20Forms/Inventarisasi%20Laptop%20Pegawai%20(3)/Upload%20BAST%20Peminjaman%2021/Peminjaman%20Laptop_Alfan%20Fahravi.pdf
13,iva.dewi@kemenkeu.go.id,F1 D14 DN50 5C,Iva Kurnia Dewi,198903162010122002,Bagian Sumber Daya Manusia,Subbagian Pengelolaan Jabatan Fungsional,DAC,,1146,1146,,https://kemenkeu-my.sharepoint.com/personal/alifia_safira_kemenkeu_go_id/Documents/Apps/Microsoft%20Forms/Inventarisasi%20Laptop%20Pegawai%20(3)/Upload%20Foto%20Laptop%2018/IMG_20260507_111905_Iva%20Kurnia%20Dewi.jpg; https://kemenkeu-my.sharepoint.com/personal/alifia_safira_kemenkeu_go_id/Documents/Apps/Microsoft%20Forms/Inventarisasi%20Laptop%20Pegawai%20(3)/Upload%20Foto%20Laptop%2018/IMG_20260507_111848_Iva%20Kurnia%20Dewi.jpg; https://kemenkeu-my.sharepoint.com/personal/alifia_safira_kemenkeu_go_id/Documents/Apps/Microsoft%20Forms/Inventarisasi%20Laptop%20Pegawai%20(3)/Upload%20Foto%20Laptop%2018/IMG_20260507_111826_Iva%20Kurnia%20Dewi.jpg,https://kemenkeu-my.sharepoint.com/personal/alifia_safira_kemenkeu_go_id/Documents/Apps/Microsoft%20Forms/Inventarisasi%20Laptop%20Pegawai%20(3)/Upload%20BAST%20Peminjaman%2018/Surat%20Pernyataan%20Peminjaman%20BMN_Iva%20Kurnia%20De_Iva%20Kurnia%20Dewi.pdf
14,moctariyaddi@kemenkeu.go.id,F1 D14 DN50 5C,Muhamad Octariyaddi,198510052009011010,"Bagian Manajemen Pengetahuan, Komunikasi, dan Kerja Sama",Subbagian Analisis Data Pembelajaran,DAC,,1154,1154,,https://kemenkeu-my.sharepoint.com/personal/alifia_safira_kemenkeu_go_id/Documents/Apps/Microsoft%20Forms/Inventarisasi%20Laptop%20Pegawai%20(3)/Upload%20Foto%20Laptop%2020/WhatsApp%20Image%202026-05-07%20at%2011.23.56%20(2)_Muhamad%20Octariyaddi.jpeg; https://kemenkeu-my.sharepoint.com/personal/alifia_safira_kemenkeu_go_id/Documents/Apps/Microsoft%20Forms/Inventarisasi%20Laptop%20Pegawai%20(3)/Upload%20Foto%20Laptop%2020/WhatsApp%20Image%202026-05-07%20at%2011.23.56%20(1)_Muhamad%20Octariyaddi.jpeg; https://kemenkeu-my.sharepoint.com/personal/alifia_safira_kemenkeu_go_id/Documents/Apps/Microsoft%20Forms/Inventarisasi%20Laptop%20Pegawai%20(3)/Upload%20Foto%20Laptop%2020/WhatsApp%20Image%202026-05-07%20at%2011.23.56_Muhamad%20Octariyaddi.jpeg,https://kemenkeu-my.sharepoint.com/personal/alifia_safira_kemenkeu_go_id/Documents/Apps/Microsoft%20Forms/Inventarisasi%20Laptop%20Pegawai%20(3)/Upload%20BAST%20Peminjaman%2020/BA%20BMN_Muhamad%20Octariyaddi.pdf
15,novamaryanti@kemenkeu.go.id,ID77,Nova Maryanti,197411202005012001,Bagian Umum,Subbagian Rumah Tangga,iCherry,,946,946,,https://kemenkeu-my.sharepoint.com/personal/alifia_safira_kemenkeu_go_id/Documents/Apps/Microsoft%20Forms/Inventarisasi%20Laptop%20Pegawai%20(3)/Upload%20Foto%20Laptop%2021/WhatsApp%20Image%202026-05-07%20at%2010.44.35_Nova%20Maryanti.jpeg,https://kemenkeu-my.sharepoint.com/personal/alifia_safira_kemenkeu_go_id/Documents/Apps/Microsoft%20Forms/Inventarisasi%20Laptop%20Pegawai%20(3)/Upload%20BAST%20Peminjaman%2021/Surat%20Pernyataan%20Peminjaman%20BMN%20a.n%20Nova%20Mary_Nova%20Maryanti.pdf
16,irwanbppk@kemenkeu.go.id,ID77,Irwan,197704271999031001,Bagian Umum,Subbagian Rumah Tangga,iCherry,,949,949,,https://kemenkeu-my.sharepoint.com/personal/alifia_safira_kemenkeu_go_id/Documents/Apps/Microsoft%20Forms/Inventarisasi%20Laptop%20Pegawai%20(3)/Upload%20Foto%20Laptop%2021/WhatsApp%20Image%202026-05-07%20at%2012.53.12%20(1)_Irwan%20-.jpeg; https://kemenkeu-my.sharepoint.com/personal/alifia_safira_kemenkeu_go_id/Documents/Apps/Microsoft%20Forms/Inventarisasi%20Laptop%20Pegawai%20(3)/Upload%20Foto%20Laptop%2021/WhatsApp%20Image%202026-05-07%20at%2012.53.12_Irwan%20-.jpeg; https://kemenkeu-my.sharepoint.com/personal/alifia_safira_kemenkeu_go_id/Documents/Apps/Microsoft%20Forms/Inventarisasi%20Laptop%20Pegawai%20(3)/Upload%20Foto%20Laptop%2021/WhatsApp%20Image%202026-05-07%20at%2012.53.11_Irwan%20-.jpeg,"https://kemenkeu-my.sharepoint.com/personal/alifia_safira_kemenkeu_go_id/Documents/Apps/Microsoft%20Forms/Inventarisasi%20Laptop%20Pegawai%20(3)/Upload%20BAST%20Peminjaman%2021/Surat%20pernyataan%20Peminjaman%20BMN,%20a.n%20Irwan_Irwan%20-.pdf"
17,triwarsonugroho@kemenkeu.go.id,Travelmate TMP214 Core i5,Tri Warso Nugroho,198308172007011001,Bagian Umum,Subbagian Pengelolaan Barang Milik Negara,Acer,,794,794,,https://kemenkeu-my.sharepoint.com/personal/alifia_safira_kemenkeu_go_id/Documents/Apps/Microsoft%20Forms/Inventarisasi%20Laptop%20Pegawai%20(3)/Upload%20Foto%20Laptop%2021/tampak%20layar_Tri%20Warso%20Nugroho.jpeg; https://kemenkeu-my.sharepoint.com/personal/alifia_safira_kemenkeu_go_id/Documents/Apps/Microsoft%20Forms/Inventarisasi%20Laptop%20Pegawai%20(3)/Upload%20Foto%20Laptop%2021/tampak%20depan_Tri%20Warso%20Nugroho.jpeg; https://kemenkeu-my.sharepoint.com/personal/alifia_safira_kemenkeu_go_id/Documents/Apps/Microsoft%20Forms/Inventarisasi%20Laptop%20Pegawai%20(3)/Upload%20Foto%20Laptop%2021/tampak%20belakang_Tri%20Warso%20Nugroho.jpeg,https://kemenkeu-my.sharepoint.com/personal/alifia_safira_kemenkeu_go_id/Documents/Apps/Microsoft%20Forms/Inventarisasi%20Laptop%20Pegawai%20(3)/Upload%20BAST%20Peminjaman%2021/Surat%20Pernyataan%20Peminjaman%20BMN%20an%20Tri%20Warso_Tri%20Warso%20Nugroho.pdf
18,abdulsomad@kemenkeu.go.id,ID77,Abdul Somad,196806151998031012,Bagian Umum,Subbagian Rumah Tangga,iCherry,,938,938,,https://kemenkeu-my.sharepoint.com/personal/alifia_safira_kemenkeu_go_id/Documents/Apps/Microsoft%20Forms/Inventarisasi%20Laptop%20Pegawai%20(3)/Upload%20Foto%20Laptop%2021/WhatsApp%20Image%202026-05-07%20at%2013.21.22_Abdul%20Somad.jpeg; https://kemenkeu-my.sharepoint.com/personal/alifia_safira_kemenkeu_go_id/Documents/Apps/Microsoft%20Forms/Inventarisasi%20Laptop%20Pegawai%20(3)/Upload%20Foto%20Laptop%2021/WhatsApp%20Image%202026-05-07%20at%2013.15.17%20(1)_Abdul%20Somad.jpeg; https://kemenkeu-my.sharepoint.com/personal/alifia_safira_kemenkeu_go_id/Documents/Apps/Microsoft%20Forms/Inventarisasi%20Laptop%20Pegawai%20(3)/Upload%20Foto%20Laptop%2021/WhatsApp%20Image%202026-05-07%20at%2013.15.17_Abdul%20Somad.jpeg,https://kemenkeu-my.sharepoint.com/personal/alifia_safira_kemenkeu_go_id/Documents/Apps/Microsoft%20Forms/Inventarisasi%20Laptop%20Pegawai%20(3)/Upload%20BAST%20Peminjaman%2021/Surat%20Pernyataan%20Peminjaman%20BMN%20a.n%20Abdul%20Som_Abdul%20Somad.pdf
19,adhietadewi@kemenkeu.go.id,F1 D14 DN50 5C,Adhieta Pramodhawardani Mutiara Dewi,199103212013102001,Bagian Sumber Daya Manusia,Subbagian Manajemen Layanan Sumber Daya Manusia,DAC,,1127,1127,,https://kemenkeu-my.sharepoint.com/personal/alifia_safira_kemenkeu_go_id/Documents/Apps/Microsoft%20Forms/Inventarisasi%20Laptop%20Pegawai%20(3)/Upload%20Foto%20Laptop%2018/WhatsApp%20Image%202026-05-07%20at%2013.28.58_Adhieta%20Pramodhaward.jpeg; https://kemenkeu-my.sharepoint.com/personal/alifia_safira_kemenkeu_go_id/Documents/Apps/Microsoft%20Forms/Inventarisasi%20Laptop%20Pegawai%20(3)/Upload%20Foto%20Laptop%2018/WhatsApp%20Image%202026-05-07%20at%2013.28.58%20(1)_Adhieta%20Pramodhaward.jpeg; https://kemenkeu-my.sharepoint.com/personal/alifia_safira_kemenkeu_go_id/Documents/Apps/Microsoft%20Forms/Inventarisasi%20Laptop%20Pegawai%20(3)/Upload%20Foto%20Laptop%2018/WhatsApp%20Image%202026-05-07%20at%2013.28.58%20(2)_Adhieta%20Pramodhaward.jpeg; https://kemenkeu-my.sharepoint.com/personal/alifia_safira_kemenkeu_go_id/Documents/Apps/Microsoft%20Forms/Inventarisasi%20Laptop%20Pegawai%20(3)/Upload%20Foto%20Laptop%2018/WhatsApp%20Image%202026-05-07%20at%2013.44.47_Adhieta%20Pramodhaward.jpeg,https://kemenkeu-my.sharepoint.com/personal/alifia_safira_kemenkeu_go_id/Documents/Apps/Microsoft%20Forms/Inventarisasi%20Laptop%20Pegawai%20(3)/Upload%20BAST%20Peminjaman%2018/Surat%20Pernyataan%20Peminjaman%20BMN%20an%20Adhieta%20P_Adhieta%20Pramodhaward.pdf
20,soleman@kemenkeu.go.id,ID77,Soleman,197309231999031001,Bagian Umum,Subbagian Tata Usaha,iCherry,,945,945,,https://kemenkeu-my.sharepoint.com/personal/alifia_safira_kemenkeu_go_id/Documents/Apps/Microsoft%20Forms/Inventarisasi%20Laptop%20Pegawai%20(3)/Upload%20Foto%20Laptop%2021/WhatsApp%20Image%202026-05-07%20at%2013.38.25_Soleman%20-.jpeg,https://kemenkeu-my.sharepoint.com/personal/alifia_safira_kemenkeu_go_id/Documents/Apps/Microsoft%20Forms/Inventarisasi%20Laptop%20Pegawai%20(3)/Upload%20BAST%20Peminjaman%2021/Soleman%20ICherry_Soleman%20-.pdf
21,rsulistyawan@kemenkeu.go.id,ID77,Rudi Sulistiawan,197608041998031002,Bagian Perencanaan dan Keuangan,Subbagian Perbendaharaan I,iCherry,,953,953,,https://kemenkeu-my.sharepoint.com/personal/alifia_safira_kemenkeu_go_id/Documents/Apps/Microsoft%20Forms/Inventarisasi%20Laptop%20Pegawai%20(3)/Upload%20Foto%20Laptop%2019/laptop.cherry%202023_Rudi%20Sulistiawan.jpeg; https://kemenkeu-my.sharepoint.com/personal/alifia_safira_kemenkeu_go_id/Documents/Apps/Microsoft%20Forms/Inventarisasi%20Laptop%20Pegawai%20(3)/Upload%20Foto%20Laptop%2019/laptop.cherry.2023_Rudi%20Sulistiawan.jpeg; https://kemenkeu-my.sharepoint.com/personal/alifia_safira_kemenkeu_go_id/Documents/Apps/Microsoft%20Forms/Inventarisasi%20Laptop%20Pegawai%20(3)/Upload%20Foto%20Laptop%2019/laptop%20chery.2023_Rudi%20Sulistiawan.jpeg,https://kemenkeu-my.sharepoint.com/personal/alifia_safira_kemenkeu_go_id/Documents/Apps/Microsoft%20Forms/Inventarisasi%20Laptop%20Pegawai%20(3)/Upload%20BAST%20Peminjaman%2019/peminjaman%20laptop%20BMN.Rudi%20S.2026_Rudi%20Sulistiawan.pdf
22,syahrul.sidiq@kemenkeu.go.id,Probook 430 G7,Syahrul Sidiq,199601062018011007,Bagian Organisasi dan Kepatuhan Internal,Subbagian Hukum dan Kepatuhan Internal,HP,,964,964,,https://kemenkeu-my.sharepoint.com/personal/alifia_safira_kemenkeu_go_id/Documents/Apps/Microsoft%20Forms/Inventarisasi%20Laptop%20Pegawai%20(3)/Upload%20Foto%20Laptop%2017/TAMPAK%20ATAS_Syahrul%20Sidiq.jpeg; https://kemenkeu-my.sharepoint.com/personal/alifia_safira_kemenkeu_go_id/Documents/Apps/Microsoft%20Forms/Inventarisasi%20Laptop%20Pegawai%20(3)/Upload%20Foto%20Laptop%2017/TAMPAK%20BAWAH_Syahrul%20Sidiq.jpeg; https://kemenkeu-my.sharepoint.com/personal/alifia_safira_kemenkeu_go_id/Documents/Apps/Microsoft%20Forms/Inventarisasi%20Laptop%20Pegawai%20(3)/Upload%20Foto%20Laptop%2017/TAMPAK%20LAYAR_Syahrul%20Sidiq.jpeg,https://kemenkeu-my.sharepoint.com/personal/alifia_safira_kemenkeu_go_id/Documents/Apps/Microsoft%20Forms/Inventarisasi%20Laptop%20Pegawai%20(3)/Upload%20BAST%20Peminjaman%2017/SYAHRUL%20SIDIQ-PERNYATAAN%20PEMINJAMAN%20LAPTOP_Syahrul%20Sidiq.pdf
23,ichzan.sobri@kemenkeu.go.id,Travelmate TMP214 Core i5,Ichzan Sobri,199502112018011002,Bagian Organisasi dan Kepatuhan Internal,Subbagian Tata Laksana,Acer,,808,808,,https://kemenkeu-my.sharepoint.com/personal/alifia_safira_kemenkeu_go_id/Documents/Apps/Microsoft%20Forms/Inventarisasi%20Laptop%20Pegawai%20(3)/Upload%20Foto%20Laptop%2017/WhatsApp%20Image%202026-05-07%20at%2014.08.27_Ichzan%20Sobri.jpeg; https://kemenkeu-my.sharepoint.com/personal/alifia_safira_kemenkeu_go_id/Documents/Apps/Microsoft%20Forms/Inventarisasi%20Laptop%20Pegawai%20(3)/Upload%20Foto%20Laptop%2017/WhatsApp%20Image%202026-05-07%20at%2014.08.26%20(1)_Ichzan%20Sobri.jpeg; https://kemenkeu-my.sharepoint.com/personal/alifia_safira_kemenkeu_go_id/Documents/Apps/Microsoft%20Forms/Inventarisasi%20Laptop%20Pegawai%20(3)/Upload%20Foto%20Laptop%2017/WhatsApp%20Image%202026-05-07%20at%2014.08.26_Ichzan%20Sobri.jpeg,https://kemenkeu-my.sharepoint.com/personal/alifia_safira_kemenkeu_go_id/Documents/Apps/Microsoft%20Forms/Inventarisasi%20Laptop%20Pegawai%20(3)/Upload%20BAST%20Peminjaman%2017/Surat%20Pernyataan%20Peminjaman%20BMN_Ichzan%20Sobri.pdf
24,anang.maulana@kemenkeu.go.id,F1 D14 DN50 5C,Anang Maulana,199508102020121002,Bagian Organisasi dan Kepatuhan Internal,Subbagian Pengelolaan Kinerja dan Risiko Organisasi,DAC,,1130,1130,,https://kemenkeu-my.sharepoint.com/personal/alifia_safira_kemenkeu_go_id/Documents/Apps/Microsoft%20Forms/Inventarisasi%20Laptop%20Pegawai%20(3)/Upload%20Foto%20Laptop%2017/WhatsApp%20Image%202026-05-07%20at%2014.09.57%20(1)_Anang%20Maulana.jpeg; https://kemenkeu-my.sharepoint.com/personal/alifia_safira_kemenkeu_go_id/Documents/Apps/Microsoft%20Forms/Inventarisasi%20Laptop%20Pegawai%20(3)/Upload%20Foto%20Laptop%2017/WhatsApp%20Image%202026-05-07%20at%2014.09.57_Anang%20Maulana.jpeg; https://kemenkeu-my.sharepoint.com/personal/alifia_safira_kemenkeu_go_id/Documents/Apps/Microsoft%20Forms/Inventarisasi%20Laptop%20Pegawai%20(3)/Upload%20Foto%20Laptop%2017/WhatsApp%20Image%202026-05-07%20at%2014.09.58_Anang%20Maulana.jpeg,https://kemenkeu-my.sharepoint.com/personal/alifia_safira_kemenkeu_go_id/Documents/Apps/Microsoft%20Forms/Inventarisasi%20Laptop%20Pegawai%20(3)/Upload%20BAST%20Peminjaman%2017/Surat%20Pernyataan%20Peminjaman%20BMN_Anang%20Maulana.pdf
25,winda.purnamasari@kemenkeu.go.id,Travelmate TMP214 Core i5,Winda Purnamasari,198903132010122002,Bagian Umum,Subbagian Perencanaan dan Pengadaan,Acer,,777,777,,https://kemenkeu-my.sharepoint.com/personal/alifia_safira_kemenkeu_go_id/Documents/Apps/Microsoft%20Forms/Inventarisasi%20Laptop%20Pegawai%20(3)/Upload%20Foto%20Laptop%2021/Lap%20Top%201_Winda%20Purnamasari.jpeg; https://kemenkeu-my.sharepoint.com/personal/alifia_safira_kemenkeu_go_id/Documents/Apps/Microsoft%20Forms/Inventarisasi%20Laptop%20Pegawai%20(3)/Upload%20Foto%20Laptop%2021/Lap%20Top%202_Winda%20Purnamasari.jpeg; https://kemenkeu-my.sharepoint.com/personal/alifia_safira_kemenkeu_go_id/Documents/Apps/Microsoft%20Forms/Inventarisasi%20Laptop%20Pegawai%20(3)/Upload%20Foto%20Laptop%2021/Lap%20Top%203_Winda%20Purnamasari.jpeg,https://kemenkeu-my.sharepoint.com/personal/alifia_safira_kemenkeu_go_id/Documents/Apps/Microsoft%20Forms/Inventarisasi%20Laptop%20Pegawai%20(3)/Upload%20BAST%20Peminjaman%2021/Surat%20Pernyataan%20Peminjaman%20BMN%20-%20Winda%20Purna_Winda%20Purnamasari.pdf
26,muslih94@kemenkeu.go.id,Travelmate TMP214 Core i5,Muslih,199411222018011003,Bagian Organisasi dan Kepatuhan Internal,Subbagian Hukum dan Kepatuhan Internal,Acer,,807,807,,https://kemenkeu-my.sharepoint.com/personal/alifia_safira_kemenkeu_go_id/Documents/Apps/Microsoft%20Forms/Inventarisasi%20Laptop%20Pegawai%20(3)/Upload%20Foto%20Laptop%2017/SS%20Laptop%20Muslih%201_Muslih%20-.jpeg; https://kemenkeu-my.sharepoint.com/personal/alifia_safira_kemenkeu_go_id/Documents/Apps/Microsoft%20Forms/Inventarisasi%20Laptop%20Pegawai%20(3)/Upload%20Foto%20Laptop%2017/SS%20Laptop%20Muslih%202_Muslih%20-.jpeg; https://kemenkeu-my.sharepoint.com/personal/alifia_safira_kemenkeu_go_id/Documents/Apps/Microsoft%20Forms/Inventarisasi%20Laptop%20Pegawai%20(3)/Upload%20Foto%20Laptop%2017/SS%20Laptop%20Muslih%203_Muslih%20-.jpeg,https://kemenkeu-my.sharepoint.com/personal/alifia_safira_kemenkeu_go_id/Documents/Apps/Microsoft%20Forms/Inventarisasi%20Laptop%20Pegawai%20(3)/Upload%20BAST%20Peminjaman%2017/Surat%20Pernyataan%20Peminjaman%20BMN%20a.n.%20Muslih%20D_Muslih%20-.pdf
27,arief.sugiri@kemenkeu.go.id,Travelmate TMP214 Core i5,Arief Sugiri,198707052010121004,Bagian Organisasi dan Kepatuhan Internal,Subbagian Pengelolaan Kinerja dan Risiko Organisasi,Acer,,809,809,,https://kemenkeu-my.sharepoint.com/personal/alifia_safira_kemenkeu_go_id/Documents/Apps/Microsoft%20Forms/Inventarisasi%20Laptop%20Pegawai%20(3)/Upload%20Foto%20Laptop%2017/WhatsApp%20Image%202026-05-07%20at%2014.35.22%20(2)_Arief%20Sugiri.jpeg; https://kemenkeu-my.sharepoint.com/personal/alifia_safira_kemenkeu_go_id/Documents/Apps/Microsoft%20Forms/Inventarisasi%20Laptop%20Pegawai%20(3)/Upload%20Foto%20Laptop%2017/WhatsApp%20Image%202026-05-07%20at%2014.35.22%20(1)_Arief%20Sugiri.jpeg; https://kemenkeu-my.sharepoint.com/personal/alifia_safira_kemenkeu_go_id/Documents/Apps/Microsoft%20Forms/Inventarisasi%20Laptop%20Pegawai%20(3)/Upload%20Foto%20Laptop%2017/WhatsApp%20Image%202026-05-07%20at%2014.35.22_Arief%20Sugiri.jpeg,https://kemenkeu-my.sharepoint.com/personal/alifia_safira_kemenkeu_go_id/Documents/Apps/Microsoft%20Forms/Inventarisasi%20Laptop%20Pegawai%20(3)/Upload%20BAST%20Peminjaman%2017/Surat%20Pernyataan%20Peminjaman%20BMN%20Arief%20Sugiri_Arief%20Sugiri.pdf
28,wahyo88@kemenkeu.go.id,F1 D14 DN50 5C,Mohammad Wahyo ASN,198803162008121001,Bagian Sumber Daya Manusia,Subbagian Pengembangan Kompetensi,DAC,,1153,1153,,https://kemenkeu-my.sharepoint.com/personal/alifia_safira_kemenkeu_go_id/Documents/Apps/Microsoft%20Forms/Inventarisasi%20Laptop%20Pegawai%20(3)/Upload%20Foto%20Laptop%2018/WhatsApp%20Image%202026-05-07%20at%2014.13.36_Mohammad%20Wahyo%20Abusy.jpeg; https://kemenkeu-my.sharepoint.com/personal/alifia_safira_kemenkeu_go_id/Documents/Apps/Microsoft%20Forms/Inventarisasi%20Laptop%20Pegawai%20(3)/Upload%20Foto%20Laptop%2018/WhatsApp%20Image%202026-05-07%20at%2014.13.35_Mohammad%20Wahyo%20Abusy.jpeg; https://kemenkeu-my.sharepoint.com/personal/alifia_safira_kemenkeu_go_id/Documents/Apps/Microsoft%20Forms/Inventarisasi%20Laptop%20Pegawai%20(3)/Upload%20Foto%20Laptop%2018/WhatsApp%20Image%202026-05-07%20at%2014.13.34_Mohammad%20Wahyo%20Abusy.jpeg,https://kemenkeu-my.sharepoint.com/personal/alifia_safira_kemenkeu_go_id/Documents/Apps/Microsoft%20Forms/Inventarisasi%20Laptop%20Pegawai%20(3)/Upload%20BAST%20Peminjaman%2018/Peminjaman%20BMN%20Wahyo_Mohammad%20Wahyo%20Abusy.pdf
29,rahmania.savitri@kemenkeu.go.id,ID77,Rahmania Wahyu Savitri,198804142009122003,Bagian Organisasi dan Kepatuhan Internal,Subbagian Organisasi,iCherry,,943,943,,https://kemenkeu-my.sharepoint.com/personal/alifia_safira_kemenkeu_go_id/Documents/Apps/Microsoft%20Forms/Inventarisasi%20Laptop%20Pegawai%20(3)/Upload%20Foto%20Laptop%2017/WhatsApp%20Image%202026-05-07%20at%202.45.36%20PM_Rahmania%20Wahyu%20Savit.jpeg; https://kemenkeu-my.sharepoint.com/personal/alifia_safira_kemenkeu_go_id/Documents/Apps/Microsoft%20Forms/Inventarisasi%20Laptop%20Pegawai%20(3)/Upload%20Foto%20Laptop%2017/WhatsApp%20Image%202026-05-07%20at%202.45.35%20PM%20(1)_Rahmania%20Wahyu%20Savit.jpeg; https://kemenkeu-my.sharepoint.com/personal/alifia_safira_kemenkeu_go_id/Documents/Apps/Microsoft%20Forms/Inventarisasi%20Laptop%20Pegawai%20(3)/Upload%20Foto%20Laptop%2017/WhatsApp%20Image%202026-05-07%20at%202.45.35%20PM_Rahmania%20Wahyu%20Savit.jpeg,https://kemenkeu-my.sharepoint.com/personal/alifia_safira_kemenkeu_go_id/Documents/Apps/Microsoft%20Forms/Inventarisasi%20Laptop%20Pegawai%20(3)/Upload%20BAST%20Peminjaman%2017/Surat%20Pernyataan%20Peminjaman%20BMN%20Rahmania%20(1)_Rahmania%20Wahyu%20Savit.pdf
30,ganis.ade@kemenkeu.go.id,F1 D14 DN50 5C,Ganis Ade Pratama,199202232014111001,Bagian Organisasi dan Kepatuhan Internal,Subbagian Tata Laksana,DAC,,1139,1139,,https://kemenkeu-my.sharepoint.com/personal/alifia_safira_kemenkeu_go_id/Documents/Apps/Microsoft%20Forms/Inventarisasi%20Laptop%20Pegawai%20(3)/Upload%20Foto%20Laptop%2017/Foto%20Laptop%201_Ganis%20Ade%20Pratama.jpeg; https://kemenkeu-my.sharepoint.com/personal/alifia_safira_kemenkeu_go_id/Documents/Apps/Microsoft%20Forms/Inventarisasi%20Laptop%20Pegawai%20(3)/Upload%20Foto%20Laptop%2017/Foto%20Laptop%202_Ganis%20Ade%20Pratama.jpeg; https://kemenkeu-my.sharepoint.com/personal/alifia_safira_kemenkeu_go_id/Documents/Apps/Microsoft%20Forms/Inventarisasi%20Laptop%20Pegawai%20(3)/Upload%20Foto%20Laptop%2017/Foto%20Laptop%203_Ganis%20Ade%20Pratama.jpeg,https://kemenkeu-my.sharepoint.com/personal/alifia_safira_kemenkeu_go_id/Documents/Apps/Microsoft%20Forms/Inventarisasi%20Laptop%20Pegawai%20(3)/Upload%20BAST%20Peminjaman%2017/Surat%20Pernyataan%20Peminjaman%20BMN%20an.%20Ganis%20Ade_Ganis%20Ade%20Pratama.pdf
31,pratiwi.wijayanti@kemenkeu.go.id,Travelmate TMP214 Core i5,Pratiwi Wijayanti,198801062010122005,Bagian Sumber Daya Manusia,Subbagian Pengembangan Kompetensi,Acer,,797,797,,https://kemenkeu-my.sharepoint.com/personal/alifia_safira_kemenkeu_go_id/Documents/Apps/Microsoft%20Forms/Inventarisasi%20Laptop%20Pegawai%20(3)/Upload%20Foto%20Laptop%2018/WhatsApp%20Image%202026-05-07%20at%202.46.55%20PM_Pratiwi%20Wijayanti.jpeg; https://kemenkeu-my.sharepoint.com/personal/alifia_safira_kemenkeu_go_id/Documents/Apps/Microsoft%20Forms/Inventarisasi%20Laptop%20Pegawai%20(3)/Upload%20Foto%20Laptop%2018/WhatsApp%20Image%202026-05-07%20at%202.44.31%20PM_Pratiwi%20Wijayanti.jpeg; https://kemenkeu-my.sharepoint.com/personal/alifia_safira_kemenkeu_go_id/Documents/Apps/Microsoft%20Forms/Inventarisasi%20Laptop%20Pegawai%20(3)/Upload%20Foto%20Laptop%2018/WhatsApp%20Image%202026-05-07%20at%202.43.19%20PM_Pratiwi%20Wijayanti.jpeg,https://kemenkeu-my.sharepoint.com/personal/alifia_safira_kemenkeu_go_id/Documents/Apps/Microsoft%20Forms/Inventarisasi%20Laptop%20Pegawai%20(3)/Upload%20BAST%20Peminjaman%2018/Surat%20Pernyataan%20Peminjaman%20BMN%20Pratiwi%20Wijay_Pratiwi%20Wijayanti.pdf
32,rachmad.sudrajad@kemenkeu.go.id,Travelmate TMP214 Core i5,Rachmad Sudrajad,199006022012101005,Bagian Organisasi dan Kepatuhan Internal,Subbagian Tata Laksana,Acer,,806,806,,https://kemenkeu-my.sharepoint.com/personal/alifia_safira_kemenkeu_go_id/Documents/Apps/Microsoft%20Forms/Inventarisasi%20Laptop%20Pegawai%20(3)/Upload%20Foto%20Laptop%2017/WhatsApp%20Image%202026-05-07%20at%2014.51.11_Rachmad%20Sudrajad.jpeg; https://kemenkeu-my.sharepoint.com/personal/alifia_safira_kemenkeu_go_id/Documents/Apps/Microsoft%20Forms/Inventarisasi%20Laptop%20Pegawai%20(3)/Upload%20Foto%20Laptop%2017/WhatsApp%20Image%202026-05-07%20at%2014.51.12%20(1)_Rachmad%20Sudrajad.jpeg; https://kemenkeu-my.sharepoint.com/personal/alifia_safira_kemenkeu_go_id/Documents/Apps/Microsoft%20Forms/Inventarisasi%20Laptop%20Pegawai%20(3)/Upload%20Foto%20Laptop%2017/WhatsApp%20Image%202026-05-07%20at%2014.51.12_Rachmad%20Sudrajad.jpeg,https://kemenkeu-my.sharepoint.com/personal/alifia_safira_kemenkeu_go_id/Documents/Apps/Microsoft%20Forms/Inventarisasi%20Laptop%20Pegawai%20(3)/Upload%20BAST%20Peminjaman%2017/Surat%20Pernyataan%20Peminjaman%20BMN%20(1)_Rachmad%20Sudrajad.pdf
33,myusufa@kemenkeu.go.id,Travelmate TMP214 Core i5,M Yusuf Arriza,197002241999031001,Bagian Umum,Subbagian Perencanaan dan Pengadaan,Acer,,795,795,,https://kemenkeu-my.sharepoint.com/personal/alifia_safira_kemenkeu_go_id/Documents/Apps/Microsoft%20Forms/Inventarisasi%20Laptop%20Pegawai%20(3)/Upload%20Foto%20Laptop%2021/laptop%20monitor_M.%20Yusuf%20Arriza.jpeg; https://kemenkeu-my.sharepoint.com/personal/alifia_safira_kemenkeu_go_id/Documents/Apps/Microsoft%20Forms/Inventarisasi%20Laptop%20Pegawai%20(3)/Upload%20Foto%20Laptop%2021/laptop%20depan_M.%20Yusuf%20Arriza.jpeg; https://kemenkeu-my.sharepoint.com/personal/alifia_safira_kemenkeu_go_id/Documents/Apps/Microsoft%20Forms/Inventarisasi%20Laptop%20Pegawai%20(3)/Upload%20Foto%20Laptop%2021/foto%20laptop%20belakang_M.%20Yusuf%20Arriza.jpeg,https://kemenkeu-my.sharepoint.com/personal/alifia_safira_kemenkeu_go_id/Documents/Apps/Microsoft%20Forms/Inventarisasi%20Laptop%20Pegawai%20(3)/Upload%20BAST%20Peminjaman%2021/surat%20pernyataan_M.%20Yusuf%20Arriza.pdf
34,sabda.muhammadan@kemenkeu.go.id,F1 D14 DN50 712-161CT,Sabda Alam Muhammadan,199103032013101002,Bagian Organisasi dan Kepatuhan Internal,Subbagian Organisasi,DAC,,1180,1180,,https://kemenkeu-my.sharepoint.com/personal/alifia_safira_kemenkeu_go_id/Documents/Apps/Microsoft%20Forms/Inventarisasi%20Laptop%20Pegawai%20(3)/Upload%20Foto%20Laptop%2017/WhatsApp%20Image%202026-05-07%20at%204.19.51%20PM_Sabda%20Alam%20Muhammada.jpeg; https://kemenkeu-my.sharepoint.com/personal/alifia_safira_kemenkeu_go_id/Documents/Apps/Microsoft%20Forms/Inventarisasi%20Laptop%20Pegawai%20(3)/Upload%20Foto%20Laptop%2017/WhatsApp%20Image%202026-05-07%20at%204.19.50%20PM%20(1)_Sabda%20Alam%20Muhammada.jpeg; https://kemenkeu-my.sharepoint.com/personal/alifia_safira_kemenkeu_go_id/Documents/Apps/Microsoft%20Forms/Inventarisasi%20Laptop%20Pegawai%20(3)/Upload%20Foto%20Laptop%2017/WhatsApp%20Image%202026-05-07%20at%204.19.50%20PM_Sabda%20Alam%20Muhammada.jpeg,https://kemenkeu-my.sharepoint.com/personal/alifia_safira_kemenkeu_go_id/Documents/Apps/Microsoft%20Forms/Inventarisasi%20Laptop%20Pegawai%20(3)/Upload%20BAST%20Peminjaman%2017/BAST%20Peminjaman%20BMN%20-%20Sabda_Sabda%20Alam%20Muhammada.pdf
35,marini@kemenkeu.go.id,F1 D14 DN50 5C,Marini,198903142009122001,Bagian Sumber Daya Manusia,Subbagian Pengembangan Kompetensi,DAC,,1150,1150,,https://kemenkeu-my.sharepoint.com/personal/alifia_safira_kemenkeu_go_id/Documents/Apps/Microsoft%20Forms/Inventarisasi%20Laptop%20Pegawai%20(3)/Upload%20Foto%20Laptop%2018/IMG_1227_Marini%20-.jpeg; https://kemenkeu-my.sharepoint.com/personal/alifia_safira_kemenkeu_go_id/Documents/Apps/Microsoft%20Forms/Inventarisasi%20Laptop%20Pegawai%20(3)/Upload%20Foto%20Laptop%2018/IMG_1228_Marini%20-.jpeg; https://kemenkeu-my.sharepoint.com/personal/alifia_safira_kemenkeu_go_id/Documents/Apps/Microsoft%20Forms/Inventarisasi%20Laptop%20Pegawai%20(3)/Upload%20Foto%20Laptop%2018/IMG_1229_Marini%20-.jpeg,https://kemenkeu-my.sharepoint.com/personal/alifia_safira_kemenkeu_go_id/Documents/Apps/Microsoft%20Forms/Inventarisasi%20Laptop%20Pegawai%20(3)/Upload%20BAST%20Peminjaman%2018/Surat%20Peminjaman%20BMN-Marini-TTE_Marini%20-.pdf
36,shinta.damayanti@kemenkeu.go.id,F1 D14 DN50 5C,Shinta Damayanti,198907212010122002,Bagian Organisasi dan Kepatuhan Internal,Subbagian Pengelolaan Kinerja dan Risiko Organisasi,DAC,,1169,1169,,https://kemenkeu-my.sharepoint.com/personal/alifia_safira_kemenkeu_go_id/Documents/Apps/Microsoft%20Forms/Inventarisasi%20Laptop%20Pegawai%20(3)/Upload%20Foto%20Laptop%2017/WhatsApp%20Image%202026-05-07%20at%2014.28.32_Shinta%20Damayanti.jpeg; https://kemenkeu-my.sharepoint.com/personal/alifia_safira_kemenkeu_go_id/Documents/Apps/Microsoft%20Forms/Inventarisasi%20Laptop%20Pegawai%20(3)/Upload%20Foto%20Laptop%2017/WhatsApp%20Image%202026-05-07%20at%2014.28.31_Shinta%20Damayanti.jpeg; https://kemenkeu-my.sharepoint.com/personal/alifia_safira_kemenkeu_go_id/Documents/Apps/Microsoft%20Forms/Inventarisasi%20Laptop%20Pegawai%20(3)/Upload%20Foto%20Laptop%2017/WhatsApp%20Image%202026-05-07%20at%2008.44.00_Shinta%20Damayanti.jpeg,https://kemenkeu-my.sharepoint.com/personal/alifia_safira_kemenkeu_go_id/Documents/Apps/Microsoft%20Forms/Inventarisasi%20Laptop%20Pegawai%20(3)/Upload%20BAST%20Peminjaman%2017/BAST_Shinta%20Damayanti_Shinta%20Damayanti.pdf
37,akmal.putra@kemenkeu.go.id,Precision 3570-001,Akmal Rizki Putra,198809252010121006,"Bagian Manajemen Pengetahuan, Komunikasi, dan Kerja Sama",Subbagian Manajemen Pengetahuan,Dell,,771,771,,https://kemenkeu-my.sharepoint.com/personal/alifia_safira_kemenkeu_go_id/Documents/Apps/Microsoft%20Forms/Inventarisasi%20Laptop%20Pegawai%20(3)/Upload%20Foto%20Laptop%2020/WhatsApp%20Image%202026-05-07%20at%204.38.28%20PM_Akmal%20Rizki%20Putra.jpeg; https://kemenkeu-my.sharepoint.com/personal/alifia_safira_kemenkeu_go_id/Documents/Apps/Microsoft%20Forms/Inventarisasi%20Laptop%20Pegawai%20(3)/Upload%20Foto%20Laptop%2020/WhatsApp%20Image%202026-05-07%20at%204.37.59%20PM_Akmal%20Rizki%20Putra.jpeg; https://kemenkeu-my.sharepoint.com/personal/alifia_safira_kemenkeu_go_id/Documents/Apps/Microsoft%20Forms/Inventarisasi%20Laptop%20Pegawai%20(3)/Upload%20Foto%20Laptop%2020/WhatsApp%20Image%202026-05-07%20at%204.37.48%20PM_Akmal%20Rizki%20Putra.jpeg,https://kemenkeu-my.sharepoint.com/personal/alifia_safira_kemenkeu_go_id/Documents/Apps/Microsoft%20Forms/Inventarisasi%20Laptop%20Pegawai%20(3)/Upload%20BAST%20Peminjaman%2020/BMN%20Akmal_Akmal%20Rizki%20Putra.pdf
38,puspaparadisaph@kemenkeu.go.id,Notebook ROG,Puspa Paradisa Puteri Hadhyanti,199407282018012003,"Bagian Manajemen Pengetahuan, Komunikasi, dan Kerja Sama","Subbagian Komunikasi, Layanan Informasi, dan Kerja Sama",Asus,,,,,https://kemenkeu-my.sharepoint.com/personal/alifia_safira_kemenkeu_go_id/Documents/Apps/Microsoft%20Forms/Inventarisasi%20Laptop%20Pegawai%20(3)/Upload%20Foto%20Laptop%2020/ROG%20Tampak%20Depan_Puspa%20Paradisa%20Puter.jpeg; https://kemenkeu-my.sharepoint.com/personal/alifia_safira_kemenkeu_go_id/Documents/Apps/Microsoft%20Forms/Inventarisasi%20Laptop%20Pegawai%20(3)/Upload%20Foto%20Laptop%2020/ROG%20Tampak%20Belakang_Puspa%20Paradisa%20Puter.jpeg; https://kemenkeu-my.sharepoint.com/personal/alifia_safira_kemenkeu_go_id/Documents/Apps/Microsoft%20Forms/Inventarisasi%20Laptop%20Pegawai%20(3)/Upload%20Foto%20Laptop%2020/ROG%20Tampak%20Bawah_Puspa%20Paradisa%20Puter.jpeg,https://kemenkeu-my.sharepoint.com/personal/alifia_safira_kemenkeu_go_id/Documents/Apps/Microsoft%20Forms/Inventarisasi%20Laptop%20Pegawai%20(3)/Upload%20BAST%20Peminjaman%2020/Surat%20Pernyataan%20Peminjaman%20BMN_Puspa%20Paradis_Puspa%20Paradisa%20Puter.pdf
39,wiwitazananto@kemenkeu.go.id,Probook 430 G7,Wiwit Azananto,198403212004121001,Bagian Perencanaan dan Keuangan,Subbagian Perencanaan Anggaran,HP,,960,960,,https://kemenkeu-my.sharepoint.com/personal/alifia_safira_kemenkeu_go_id/Documents/Apps/Microsoft%20Forms/Inventarisasi%20Laptop%20Pegawai%20(3)/Upload%20Foto%20Laptop%2019/Laptop_Depan_Wiwit%20Azananto.jpeg; https://kemenkeu-my.sharepoint.com/personal/alifia_safira_kemenkeu_go_id/Documents/Apps/Microsoft%20Forms/Inventarisasi%20Laptop%20Pegawai%20(3)/Upload%20Foto%20Laptop%2019/Laptop_Belakang_Wiwit%20Azananto.jpeg; https://kemenkeu-my.sharepoint.com/personal/alifia_safira_kemenkeu_go_id/Documents/Apps/Microsoft%20Forms/Inventarisasi%20Laptop%20Pegawai%20(3)/Upload%20Foto%20Laptop%2019/Laptop_Bawah_Wiwit%20Azananto.jpeg,https://kemenkeu-my.sharepoint.com/personal/alifia_safira_kemenkeu_go_id/Documents/Apps/Microsoft%20Forms/Inventarisasi%20Laptop%20Pegawai%20(3)/Upload%20BAST%20Peminjaman%2019/Surat%20Pernyataan%20Peminjaman%20BMN_Wiwit%20Azanant_Wiwit%20Azananto.pdf
40,msaid.ramadhan@kemenkeu.go.id,Precision 3570-001,Muhammad Said Ramadhan,199602012018011002,"Bagian Manajemen Pengetahuan, Komunikasi, dan Kerja Sama",Subbagian Manajemen Pengetahuan,Dell,,769,769,,https://kemenkeu-my.sharepoint.com/personal/alifia_safira_kemenkeu_go_id/Documents/Apps/Microsoft%20Forms/Inventarisasi%20Laptop%20Pegawai%20(3)/Upload%20Foto%20Laptop%2020/17781480836254143802903118346363_Muhammad%20Said%20Ramadh.jpg; https://kemenkeu-my.sharepoint.com/personal/alifia_safira_kemenkeu_go_id/Documents/Apps/Microsoft%20Forms/Inventarisasi%20Laptop%20Pegawai%20(3)/Upload%20Foto%20Laptop%2020/17781480997721501735884255409904_Muhammad%20Said%20Ramadh.jpg; https://kemenkeu-my.sharepoint.com/personal/alifia_safira_kemenkeu_go_id/Documents/Apps/Microsoft%20Forms/Inventarisasi%20Laptop%20Pegawai%20(3)/Upload%20Foto%20Laptop%2020/17781481199735589155816881082772_Muhammad%20Said%20Ramadh.jpg,https://kemenkeu-my.sharepoint.com/personal/alifia_safira_kemenkeu_go_id/Documents/Apps/Microsoft%20Forms/Inventarisasi%20Laptop%20Pegawai%20(3)/Upload%20BAST%20Peminjaman%2020/Surat%20Penyataan%20Peminjaman%20BMN_Muhammad%20Said%20Ramadh.pdf
41,nourma.mei@kemenkeu.go.id,F1 D14 DN50 5C,Nourma Mei Shinta,199305102014112001,Bagian Sumber Daya Manusia,Subbagian Manajemen Layanan Sumber Daya Manusia,DAC,,1158,1158,,https://kemenkeu-my.sharepoint.com/personal/alifia_safira_kemenkeu_go_id/Documents/Apps/Microsoft%20Forms/Inventarisasi%20Laptop%20Pegawai%20(3)/Upload%20Foto%20Laptop%2018/WhatsApp%20Image%202026-05-07%20at%2017.39.03%20(2)_Nourma%20Mei%20Shinta.jpeg; https://kemenkeu-my.sharepoint.com/personal/alifia_safira_kemenkeu_go_id/Documents/Apps/Microsoft%20Forms/Inventarisasi%20Laptop%20Pegawai%20(3)/Upload%20Foto%20Laptop%2018/WhatsApp%20Image%202026-05-07%20at%2017.39.03%20(1)_Nourma%20Mei%20Shinta.jpeg; https://kemenkeu-my.sharepoint.com/personal/alifia_safira_kemenkeu_go_id/Documents/Apps/Microsoft%20Forms/Inventarisasi%20Laptop%20Pegawai%20(3)/Upload%20Foto%20Laptop%2018/WhatsApp%20Image%202026-05-07%20at%2017.39.03_Nourma%20Mei%20Shinta.jpeg,https://kemenkeu-my.sharepoint.com/personal/alifia_safira_kemenkeu_go_id/Documents/Apps/Microsoft%20Forms/Inventarisasi%20Laptop%20Pegawai%20(3)/Upload%20BAST%20Peminjaman%2018/Form%20Peminjaman%20BMN%20Nourma_Nourma%20Mei%20Shinta.pdf
42,darmanto76@kemenkeu.go.id,ID77,Darmanto,197610301998031001,Bagian Umum,Subbagian Rumah Tangga,iCherry,,937,937,,https://kemenkeu-my.sharepoint.com/personal/alifia_safira_kemenkeu_go_id/Documents/Apps/Microsoft%20Forms/Inventarisasi%20Laptop%20Pegawai%20(3)/Upload%20Foto%20Laptop%2021/WhatsApp%20Image%202026-05-07%20at%2011.03.50_Darmanto%20-.jpeg; https://kemenkeu-my.sharepoint.com/personal/alifia_safira_kemenkeu_go_id/Documents/Apps/Microsoft%20Forms/Inventarisasi%20Laptop%20Pegawai%20(3)/Upload%20Foto%20Laptop%2021/WhatsApp%20Image%202026-05-07%20at%2011.03.49_Darmanto%20-.jpeg,https://kemenkeu-my.sharepoint.com/personal/alifia_safira_kemenkeu_go_id/Documents/Apps/Microsoft%20Forms/Inventarisasi%20Laptop%20Pegawai%20(3)/Upload%20BAST%20Peminjaman%2021/Surat%20pernyataan%20peminjaman%20BMN%20a.n%20Darmanto_Darmanto%20-.pdf
43,elizaanggraeni@kemenkeu.go.id,ID77,Eliza Dwi Anggraeni,198509272007012002,"Bagian Manajemen Pengetahuan, Komunikasi, dan Kerja Sama","Subbagian Komunikasi, Layanan Informasi, dan Kerja Sama",iCherry,,951,951,dell - mobile precision - 431,https://kemenkeu-my.sharepoint.com/personal/alifia_safira_kemenkeu_go_id/Documents/Apps/Microsoft%20Forms/Inventarisasi%20Laptop%20Pegawai%20(3)/Upload%20Foto%20Laptop%2020/WhatsApp%20Image%202026-05-08%20at%2012.03.23_Eliza%20Dwi%20Anggraeni.jpeg; https://kemenkeu-my.sharepoint.com/personal/alifia_safira_kemenkeu_go_id/Documents/Apps/Microsoft%20Forms/Inventarisasi%20Laptop%20Pegawai%20(3)/Upload%20Foto%20Laptop%2020/WhatsApp%20Image%202026-05-08%20at%2012.03.24_Eliza%20Dwi%20Anggraeni.jpeg; https://kemenkeu-my.sharepoint.com/personal/alifia_safira_kemenkeu_go_id/Documents/Apps/Microsoft%20Forms/Inventarisasi%20Laptop%20Pegawai%20(3)/Upload%20Foto%20Laptop%2020/WhatsApp%20Image%202026-05-08%20at%2012.06.03_Eliza%20Dwi%20Anggraeni.jpeg; https://kemenkeu-my.sharepoint.com/personal/alifia_safira_kemenkeu_go_id/Documents/Apps/Microsoft%20Forms/Inventarisasi%20Laptop%20Pegawai%20(3)/Upload%20Foto%20Laptop%2020/WhatsApp%20Image%202026-05-07%20at%2011.47.31_Eliza%20Dwi%20Anggraeni.jpeg; https://kemenkeu-my.sharepoint.com/personal/alifia_safira_kemenkeu_go_id/Documents/Apps/Microsoft%20Forms/Inventarisasi%20Laptop%20Pegawai%20(3)/Upload%20Foto%20Laptop%2020/WhatsApp%20Image%202026-05-07%20at%2011.47.31%20(2)_Eliza%20Dwi%20Anggraeni.jpeg; https://kemenkeu-my.sharepoint.com/personal/alifia_safira_kemenkeu_go_id/Documents/Apps/Microsoft%20Forms/Inventarisasi%20Laptop%20Pegawai%20(3)/Upload%20Foto%20Laptop%2020/WhatsApp%20Image%202026-05-07%20at%2011.47.31%20(1)_Eliza%20Dwi%20Anggraeni.jpeg,https://kemenkeu-my.sharepoint.com/personal/alifia_safira_kemenkeu_go_id/Documents/Apps/Microsoft%20Forms/Inventarisasi%20Laptop%20Pegawai%20(3)/Upload%20BAST%20Peminjaman%2020/Peminjaman%20BMN_Eliza_Eliza%20Dwi%20Anggraeni.pdf
44,endy.endarvin@kemenkeu.go.id,"Macbook Pro 14""",Arfiansyah Darwin,198007112001121004,"Bagian Manajemen Pengetahuan, Komunikasi, dan Kerja Sama",Subbagian Analisis Data Pembelajaran,Apple,,,,,https://kemenkeu-my.sharepoint.com/personal/alifia_safira_kemenkeu_go_id/Documents/Apps/Microsoft%20Forms/Inventarisasi%20Laptop%20Pegawai%20(3)/Upload%20Foto%20Laptop%2020/atas_Endy%20Dreyanto%20Endarv.jpeg; https://kemenkeu-my.sharepoint.com/personal/alifia_safira_kemenkeu_go_id/Documents/Apps/Microsoft%20Forms/Inventarisasi%20Laptop%20Pegawai%20(3)/Upload%20Foto%20Laptop%2020/belakang_Endy%20Dreyanto%20Endarv.jpeg; https://kemenkeu-my.sharepoint.com/personal/alifia_safira_kemenkeu_go_id/Documents/Apps/Microsoft%20Forms/Inventarisasi%20Laptop%20Pegawai%20(3)/Upload%20Foto%20Laptop%2020/Depan_Endy%20Dreyanto%20Endarv.jpeg; https://kemenkeu-my.sharepoint.com/personal/alifia_safira_kemenkeu_go_id/Documents/Apps/Microsoft%20Forms/Inventarisasi%20Laptop%20Pegawai%20(3)/Upload%20Foto%20Laptop%2020/NUP_Endy%20Dreyanto%20Endarv.jpeg,https://kemenkeu-my.sharepoint.com/personal/alifia_safira_kemenkeu_go_id/Documents/Apps/Microsoft%20Forms/Inventarisasi%20Laptop%20Pegawai%20(3)/Upload%20BAST%20Peminjaman%2020/Laptop%20Arfi_Endy%20Dreyanto%20Endarv.pdf
45,mulyadiabror@kemenkeu.go.id,Probook 430 G7,Mulyadi,197501031994031001,Bagian Perencanaan dan Keuangan,Subbagian Perbendaharaan I,HP,,971,971,,https://kemenkeu-my.sharepoint.com/personal/alifia_safira_kemenkeu_go_id/Documents/Apps/Microsoft%20Forms/Inventarisasi%20Laptop%20Pegawai%20(3)/Upload%20Foto%20Laptop%2019/belakang_Mulyadi%20-.jpeg; https://kemenkeu-my.sharepoint.com/personal/alifia_safira_kemenkeu_go_id/Documents/Apps/Microsoft%20Forms/Inventarisasi%20Laptop%20Pegawai%20(3)/Upload%20Foto%20Laptop%2019/bawah_Mulyadi%20-.jpeg; https://kemenkeu-my.sharepoint.com/personal/alifia_safira_kemenkeu_go_id/Documents/Apps/Microsoft%20Forms/Inventarisasi%20Laptop%20Pegawai%20(3)/Upload%20Foto%20Laptop%2019/depan_Mulyadi%20-.jpeg,https://kemenkeu-my.sharepoint.com/personal/alifia_safira_kemenkeu_go_id/Documents/Apps/Microsoft%20Forms/Inventarisasi%20Laptop%20Pegawai%20(3)/Upload%20BAST%20Peminjaman%2019/Surat%20Pernyataan%20Peminjaman%20BMN_Mulyadi_Mulyadi%20-.pdf
46,sylvia.mulyawati@kemenkeu.go.id,F1 D14 DN50 5C,Sylvia Muyawati,198603112010122003,Bagian Sumber Daya Manusia,Subbagian Pengelolaan Jabatan Fungsional,DAC,,1173,1173,,https://kemenkeu-my.sharepoint.com/personal/alifia_safira_kemenkeu_go_id/Documents/Apps/Microsoft%20Forms/Inventarisasi%20Laptop%20Pegawai%20(3)/Upload%20Foto%20Laptop%2018/WhatsApp%20Image%202026-05-11%20at%2008.22.43%20(1)_Sylvia%20Mulyawati.jpeg; https://kemenkeu-my.sharepoint.com/personal/alifia_safira_kemenkeu_go_id/Documents/Apps/Microsoft%20Forms/Inventarisasi%20Laptop%20Pegawai%20(3)/Upload%20Foto%20Laptop%2018/WhatsApp%20Image%202026-05-11%20at%2008.22.43_Sylvia%20Mulyawati.jpeg; https://kemenkeu-my.sharepoint.com/personal/alifia_safira_kemenkeu_go_id/Documents/Apps/Microsoft%20Forms/Inventarisasi%20Laptop%20Pegawai%20(3)/Upload%20Foto%20Laptop%2018/WhatsApp%20Image%202026-05-11%20at%2008.22.44_Sylvia%20Mulyawati.jpeg,https://kemenkeu-my.sharepoint.com/personal/alifia_safira_kemenkeu_go_id/Documents/Apps/Microsoft%20Forms/Inventarisasi%20Laptop%20Pegawai%20(3)/Upload%20BAST%20Peminjaman%2018/SUPER%20BMN_Sylvia%20Mulyawati.pdf
47,septian.dwi@kemenkeu.go.id,F1 D14 DN50 5C,septian dwi cahyo,198909242010121003,Bagian Sumber Daya Manusia,Subbagian Pengelolaan Jabatan Fungsional,DAC,,1168,1168,,https://kemenkeu-my.sharepoint.com/personal/alifia_safira_kemenkeu_go_id/Documents/Apps/Microsoft%20Forms/Inventarisasi%20Laptop%20Pegawai%20(3)/Upload%20Foto%20Laptop%2018/dac%20bawah_Septian%20Dwi%20Cahyo.jpeg; https://kemenkeu-my.sharepoint.com/personal/alifia_safira_kemenkeu_go_id/Documents/Apps/Microsoft%20Forms/Inventarisasi%20Laptop%20Pegawai%20(3)/Upload%20Foto%20Laptop%2018/dac%20kebuka_Septian%20Dwi%20Cahyo.jpeg; https://kemenkeu-my.sharepoint.com/personal/alifia_safira_kemenkeu_go_id/Documents/Apps/Microsoft%20Forms/Inventarisasi%20Laptop%20Pegawai%20(3)/Upload%20Foto%20Laptop%2018/DAC%20atas_Septian%20Dwi%20Cahyo.jpeg,https://kemenkeu-my.sharepoint.com/personal/alifia_safira_kemenkeu_go_id/Documents/Apps/Microsoft%20Forms/Inventarisasi%20Laptop%20Pegawai%20(3)/Upload%20BAST%20Peminjaman%2018/Surat%20Peminjaman%20BMN%20Septian%20Dwi%20Cahyo_Septian%20Dwi%20Cahyo.pdf
48,wellyhidayat@kemenkeu.go.id,Travelmate TMP214 Core i5,Welly Hidayat,198703252008121002,Bagian Perencanaan dan Keuangan,Subbagian Perbendaharaan II,Acer,,801,801,,https://kemenkeu-my.sharepoint.com/personal/alifia_safira_kemenkeu_go_id/Documents/Alifia%20Faras%20Safira/Sekretariat%20Badan%20-%20Bag.%20Umum%20-%20Subbag.%20BMN/2026/09.%20Inventarisasi%20Laptop%20Pegawai%20(setban)/Upload%20Foto%20Laptop%2019/WhatsApp%20Image%202026-05-11%20at%2009.03.48%20(1)_Welly%20Hidayat.jpeg; https://kemenkeu-my.sharepoint.com/personal/alifia_safira_kemenkeu_go_id/Documents/Alifia%20Faras%20Safira/Sekretariat%20Badan%20-%20Bag.%20Umum%20-%20Subbag.%20BMN/2026/09.%20Inventarisasi%20Laptop%20Pegawai%20(setban)/Upload%20Foto%20Laptop%2019/WhatsApp%20Image%202026-05-11%20at%2009.03.49_Welly%20Hidayat.jpeg; https://kemenkeu-my.sharepoint.com/personal/alifia_safira_kemenkeu_go_id/Documents/Alifia%20Faras%20Safira/Sekretariat%20Badan%20-%20Bag.%20Umum%20-%20Subbag.%20BMN/2026/09.%20Inventarisasi%20Laptop%20Pegawai%20(setban)/Upload%20Foto%20Laptop%2019/WhatsApp%20Image%202026-05-11%20at%2009.03.48_Welly%20Hidayat.jpeg,https://kemenkeu-my.sharepoint.com/personal/alifia_safira_kemenkeu_go_id/Documents/Alifia%20Faras%20Safira/Sekretariat%20Badan%20-%20Bag.%20Umum%20-%20Subbag.%20BMN/2026/09.%20Inventarisasi%20Laptop%20Pegawai%20(setban)/Upload%20BAST%20Peminjaman%2019/laptop_Welly%20Hidayat.pdf
49,ageng.pn@kemenkeu.go.id,Precision 3570-001,Ageng Pangestu Nugroho,199511012018011003,"Bagian Manajemen Pengetahuan, Komunikasi, dan Kerja Sama",Subbagian Analisis Data Pembelajaran,Dell,,766,766,,https://kemenkeu-my.sharepoint.com/personal/alifia_safira_kemenkeu_go_id/Documents/Alifia%20Faras%20Safira/Sekretariat%20Badan%20-%20Bag.%20Umum%20-%20Subbag.%20BMN/2026/09.%20Inventarisasi%20Laptop%20Pegawai%20(setban)/Upload%20Foto%20Laptop%2020/IMG_20260511_091002_Ageng%20Pangestu%20Nugro.jpg; https://kemenkeu-my.sharepoint.com/personal/alifia_safira_kemenkeu_go_id/Documents/Alifia%20Faras%20Safira/Sekretariat%20Badan%20-%20Bag.%20Umum%20-%20Subbag.%20BMN/2026/09.%20Inventarisasi%20Laptop%20Pegawai%20(setban)/Upload%20Foto%20Laptop%2020/IMG_20260511_090944_Ageng%20Pangestu%20Nugro.jpg; https://kemenkeu-my.sharepoint.com/personal/alifia_safira_kemenkeu_go_id/Documents/Alifia%20Faras%20Safira/Sekretariat%20Badan%20-%20Bag.%20Umum%20-%20Subbag.%20BMN/2026/09.%20Inventarisasi%20Laptop%20Pegawai%20(setban)/Upload%20Foto%20Laptop%2020/IMG_20260511_090924_Ageng%20Pangestu%20Nugro.jpg,https://kemenkeu-my.sharepoint.com/personal/alifia_safira_kemenkeu_go_id/Documents/Alifia%20Faras%20Safira/Sekretariat%20Badan%20-%20Bag.%20Umum%20-%20Subbag.%20BMN/2026/09.%20Inventarisasi%20Laptop%20Pegawai%20(setban)/04.%20MPKK/Surat%20Peminjaman%20BMN%20Dell%20Precision%20Ageng_Ageng%20Pangestu%20Nugro.pdf
50,arief.hardo@kemenkeu.go.id,F1 D14 DN50 5C,Arief Hardo Saputro,198801032009121005,Fungsional,,DAC,,1131,1131,,https://kemenkeu-my.sharepoint.com/personal/alifia_safira_kemenkeu_go_id/Documents/Alifia%20Faras%20Safira/Sekretariat%20Badan%20-%20Bag.%20Umum%20-%20Subbag.%20BMN/2026/09.%20Inventarisasi%20Laptop%20Pegawai%20(setban)/Upload%20Foto%20Laptop%201/IMG_5195_Arief%20Hardo%20Saputro.jpeg; https://kemenkeu-my.sharepoint.com/personal/alifia_safira_kemenkeu_go_id/Documents/Alifia%20Faras%20Safira/Sekretariat%20Badan%20-%20Bag.%20Umum%20-%20Subbag.%20BMN/2026/09.%20Inventarisasi%20Laptop%20Pegawai%20(setban)/Upload%20Foto%20Laptop%201/IMG_5194_Arief%20Hardo%20Saputro.jpeg; https://kemenkeu-my.sharepoint.com/personal/alifia_safira_kemenkeu_go_id/Documents/Alifia%20Faras%20Safira/Sekretariat%20Badan%20-%20Bag.%20Umum%20-%20Subbag.%20BMN/2026/09.%20Inventarisasi%20Laptop%20Pegawai%20(setban)/Upload%20Foto%20Laptop%201/IMG_5193_Arief%20Hardo%20Saputro.jpeg,https://kemenkeu-my.sharepoint.com/personal/alifia_safira_kemenkeu_go_id/Documents/Alifia%20Faras%20Safira/Sekretariat%20Badan%20-%20Bag.%20Umum%20-%20Subbag.%20BMN/2026/09.%20Inventarisasi%20Laptop%20Pegawai%20(setban)/Upload%20BAST%20Peminjaman%201/peminjaman%20BMN_Arief%20Hardo%20Saputro.pdf
51,alifia.safira@kemenkeu.go.id,F1 D14 DN50 5C,Alifia Faras Safira,200010292019122002,Bagian Umum,Subbagian Pengelolaan Barang Milik Negara,DAC,,1129,1129,,https://kemenkeu-my.sharepoint.com/personal/alifia_safira_kemenkeu_go_id/Documents/Alifia%20Faras%20Safira/Sekretariat%20Badan%20-%20Bag.%20Umum%20-%20Subbag.%20BMN/2026/09.%20Inventarisasi%20Laptop%20Pegawai%20(setban)/Upload%20Foto%20Laptop%2021/Bawah%20200010292019122002%20-%20Alifia%20Faras%20Safir_Alifia%20Safira.jpeg; https://kemenkeu-my.sharepoint.com/personal/alifia_safira_kemenkeu_go_id/Documents/Alifia%20Faras%20Safira/Sekretariat%20Badan%20-%20Bag.%20Umum%20-%20Subbag.%20BMN/2026/09.%20Inventarisasi%20Laptop%20Pegawai%20(setban)/Upload%20Foto%20Laptop%2021/Belakang%20200010292019122002%20-%20Alifia%20Faras%20Sa_Alifia%20Safira.jpeg; https://kemenkeu-my.sharepoint.com/personal/alifia_safira_kemenkeu_go_id/Documents/Alifia%20Faras%20Safira/Sekretariat%20Badan%20-%20Bag.%20Umum%20-%20Subbag.%20BMN/2026/09.%20Inventarisasi%20Laptop%20Pegawai%20(setban)/Upload%20Foto%20Laptop%2021/Depan%20200010292019122002%20-%20Alifia%20Faras%20Safir_Alifia%20Safira.jpeg,https://kemenkeu-my.sharepoint.com/personal/alifia_safira_kemenkeu_go_id/Documents/Alifia%20Faras%20Safira/Sekretariat%20Badan%20-%20Bag.%20Umum%20-%20Subbag.%20BMN/2026/09.%20Inventarisasi%20Laptop%20Pegawai%20(setban)/Upload%20BAST%20Peminjaman%2021/Surat%20Pernyataan%20Peminjaman%20BMN%20a.n.%20Alifia%20F_Alifia%20Safira.pdf
52,diana_setiawati@kemenkeu.go.id,Travelmate TMP214 Core i5,Diana Setiawati,198712202008122002,Bagian Sumber Daya Manusia,Subbagian Pengembangan Karier,Acer,,798,798,,https://kemenkeu-my.sharepoint.com/personal/alifia_safira_kemenkeu_go_id/Documents/Alifia%20Faras%20Safira/Sekretariat%20Badan%20-%20Bag.%20Umum%20-%20Subbag.%20BMN/2026/09.%20Inventarisasi%20Laptop%20Pegawai%20(setban)/02.%20Sumber%20Daya%20Manusia/02.%20Sumber%20Daya%20Manusia%20-%20Foto%20Laptop/WhatsApp%20Image%202026-05-11%20at%2009.36.13_Diana%20Setiawati.jpeg; https://kemenkeu-my.sharepoint.com/personal/alifia_safira_kemenkeu_go_id/Documents/Alifia%20Faras%20Safira/Sekretariat%20Badan%20-%20Bag.%20Umum%20-%20Subbag.%20BMN/2026/09.%20Inventarisasi%20Laptop%20Pegawai%20(setban)/02.%20Sumber%20Daya%20Manusia/02.%20Sumber%20Daya%20Manusia%20-%20Foto%20Laptop/WhatsApp%20Image%202026-05-11%20at%2009.36.14_Diana%20Setiawati.jpeg; https://kemenkeu-my.sharepoint.com/personal/alifia_safira_kemenkeu_go_id/Documents/Alifia%20Faras%20Safira/Sekretariat%20Badan%20-%20Bag.%20Umum%20-%20Subbag.%20BMN/2026/09.%20Inventarisasi%20Laptop%20Pegawai%20(setban)/02.%20Sumber%20Daya%20Manusia/02.%20Sumber%20Daya%20Manusia%20-%20Foto%20Laptop/WhatsApp%20Image%202026-05-11%20at%2009.36.14%20(1)_Diana%20Setiawati.jpeg,https://kemenkeu-my.sharepoint.com/personal/alifia_safira_kemenkeu_go_id/Documents/Alifia%20Faras%20Safira/Sekretariat%20Badan%20-%20Bag.%20Umum%20-%20Subbag.%20BMN/2026/09.%20Inventarisasi%20Laptop%20Pegawai%20(setban)/02.%20Sumber%20Daya%20Manusia/Surat%20Pernyataan%20Pinjam%20BMN%20Laptop_Diana%20Setiawati.pdf
53,mentari.putriwulan@kemenkeu.go.id,F1 D14 DN50 5C,Mentari Putri Wulan,199205122015022002,Bagian Sumber Daya Manusia,Subbagian Pengembangan Karier,DAC,,1152,1152,,https://kemenkeu-my.sharepoint.com/personal/alifia_safira_kemenkeu_go_id/Documents/Alifia%20Faras%20Safira/Sekretariat%20Badan%20-%20Bag.%20Umum%20-%20Subbag.%20BMN/2026/09.%20Inventarisasi%20Laptop%20Pegawai%20(setban)/02.%20Sumber%20Daya%20Manusia/02.%20Sumber%20Daya%20Manusia%20-%20Foto%20Laptop/WhatsApp%20Image%202026-05-11%20at%2009.24.02_Mentari%20Putri%20Wulan.jpeg,https://kemenkeu-my.sharepoint.com/personal/alifia_safira_kemenkeu_go_id/Documents/Alifia%20Faras%20Safira/Sekretariat%20Badan%20-%20Bag.%20Umum%20-%20Subbag.%20BMN/2026/09.%20Inventarisasi%20Laptop%20Pegawai%20(setban)/02.%20Sumber%20Daya%20Manusia/Suket%20Peminjaman%20BMN_Mentari%20Putri%20Wulan_Mentari%20Putri%20Wulan.pdf
55,jalaluddin.fuad@kemenkeu.go.id,Travelmate TMP214 Core i5,M. Jalaluddin Fuad,198805112009121004,Bagian Perencanaan dan Keuangan,Subbagian Perencanaan Anggaran,Acer,,803,803,,https://kemenkeu-my.sharepoint.com/personal/alifia_safira_kemenkeu_go_id/Documents/Alifia%20Faras%20Safira/Sekretariat%20Badan%20-%20Bag.%20Umum%20-%20Subbag.%20BMN/2026/09.%20Inventarisasi%20Laptop%20Pegawai%20(setban)/03.%20Perencanaan%20dan%20Keuangan/03.%20Perencanaan%20dan%20Keuangan%20-%20Foto%20Laptop/3_M.%20Jalaluddin%20Fuad.jpeg; https://kemenkeu-my.sharepoint.com/personal/alifia_safira_kemenkeu_go_id/Documents/Alifia%20Faras%20Safira/Sekretariat%20Badan%20-%20Bag.%20Umum%20-%20Subbag.%20BMN/2026/09.%20Inventarisasi%20Laptop%20Pegawai%20(setban)/03.%20Perencanaan%20dan%20Keuangan/03.%20Perencanaan%20dan%20Keuangan%20-%20Foto%20Laptop/2_M.%20Jalaluddin%20Fuad.jpeg; https://kemenkeu-my.sharepoint.com/personal/alifia_safira_kemenkeu_go_id/Documents/Alifia%20Faras%20Safira/Sekretariat%20Badan%20-%20Bag.%20Umum%20-%20Subbag.%20BMN/2026/09.%20Inventarisasi%20Laptop%20Pegawai%20(setban)/03.%20Perencanaan%20dan%20Keuangan/03.%20Perencanaan%20dan%20Keuangan%20-%20Foto%20Laptop/1_M.%20Jalaluddin%20Fuad.jpeg,https://kemenkeu-my.sharepoint.com/personal/alifia_safira_kemenkeu_go_id/Documents/Alifia%20Faras%20Safira/Sekretariat%20Badan%20-%20Bag.%20Umum%20-%20Subbag.%20BMN/2026/09.%20Inventarisasi%20Laptop%20Pegawai%20(setban)/03.%20Perencanaan%20dan%20Keuangan/Peminjaman%20BMN_M.%20Jalaluddin%20Fuad.pdf
56,jaelani.aziz@kemenkeu.go.id,F1 D14 DN50 5C,Jaelani Aziz,198912112009121001,Bagian Sumber Daya Manusia,Subbagian Pengembangan Karier,DAC,,1147,1147,,https://kemenkeu-my.sharepoint.com/personal/alifia_safira_kemenkeu_go_id/Documents/Alifia%20Faras%20Safira/Sekretariat%20Badan%20-%20Bag.%20Umum%20-%20Subbag.%20BMN/2026/09.%20Inventarisasi%20Laptop%20Pegawai%20(setban)/02.%20Sumber%20Daya%20Manusia/02.%20Sumber%20Daya%20Manusia%20-%20Foto%20Laptop/DAC-PP155043L-Bawah_Jaelani%20Aziz.jpeg; https://kemenkeu-my.sharepoint.com/personal/alifia_safira_kemenkeu_go_id/Documents/Alifia%20Faras%20Safira/Sekretariat%20Badan%20-%20Bag.%20Umum%20-%20Subbag.%20BMN/2026/09.%20Inventarisasi%20Laptop%20Pegawai%20(setban)/02.%20Sumber%20Daya%20Manusia/02.%20Sumber%20Daya%20Manusia%20-%20Foto%20Laptop/DAC-PP155043L-Belakang_Jaelani%20Aziz.jpeg; https://kemenkeu-my.sharepoint.com/personal/alifia_safira_kemenkeu_go_id/Documents/Alifia%20Faras%20Safira/Sekretariat%20Badan%20-%20Bag.%20Umum%20-%20Subbag.%20BMN/2026/09.%20Inventarisasi%20Laptop%20Pegawai%20(setban)/02.%20Sumber%20Daya%20Manusia/02.%20Sumber%20Daya%20Manusia%20-%20Foto%20Laptop/DAC-PP155043L-Depan_Jaelani%20Aziz.jpeg,https://kemenkeu-my.sharepoint.com/personal/alifia_safira_kemenkeu_go_id/Documents/Alifia%20Faras%20Safira/Sekretariat%20Badan%20-%20Bag.%20Umum%20-%20Subbag.%20BMN/2026/09.%20Inventarisasi%20Laptop%20Pegawai%20(setban)/02.%20Sumber%20Daya%20Manusia/PERNYATAAN%20PEMINJAMAN%20BMN_Jaelani%20Aziz.pdf
57,rudy.hartono@kemenkeu.go.id,THINKPAD TP13-1ID,Rudy Hartono,198005292001121003,Bagian Perencanaan dan Keuangan,Subbagian Perencanaan Anggaran,Lenovo,,,,,https://kemenkeu-my.sharepoint.com/personal/alifia_safira_kemenkeu_go_id/Documents/Alifia%20Faras%20Safira/Sekretariat%20Badan%20-%20Bag.%20Umum%20-%20Subbag.%20BMN/2026/09.%20Inventarisasi%20Laptop%20Pegawai%20(setban)/03.%20Perencanaan%20dan%20Keuangan/03.%20Perencanaan%20dan%20Keuangan%20-%20Foto%20Laptop/WhatsApp%20Image%202026-05-11%20at%2010.16.31%20(1)_Rudy%20Hartono.jpeg; https://kemenkeu-my.sharepoint.com/personal/alifia_safira_kemenkeu_go_id/Documents/Alifia%20Faras%20Safira/Sekretariat%20Badan%20-%20Bag.%20Umum%20-%20Subbag.%20BMN/2026/09.%20Inventarisasi%20Laptop%20Pegawai%20(setban)/03.%20Perencanaan%20dan%20Keuangan/03.%20Perencanaan%20dan%20Keuangan%20-%20Foto%20Laptop/WhatsApp%20Image%202026-05-11%20at%2010.16.31_Rudy%20Hartono.jpeg; https://kemenkeu-my.sharepoint.com/personal/alifia_safira_kemenkeu_go_id/Documents/Alifia%20Faras%20Safira/Sekretariat%20Badan%20-%20Bag.%20Umum%20-%20Subbag.%20BMN/2026/09.%20Inventarisasi%20Laptop%20Pegawai%20(setban)/03.%20Perencanaan%20dan%20Keuangan/03.%20Perencanaan%20dan%20Keuangan%20-%20Foto%20Laptop/WhatsApp%20Image%202026-05-11%20at%2010.16.30_Rudy%20Hartono.jpeg,https://kemenkeu-my.sharepoint.com/personal/alifia_safira_kemenkeu_go_id/Documents/Alifia%20Faras%20Safira/Sekretariat%20Badan%20-%20Bag.%20Umum%20-%20Subbag.%20BMN/2026/09.%20Inventarisasi%20Laptop%20Pegawai%20(setban)/03.%20Perencanaan%20dan%20Keuangan/Surat%20Peminjaman%20BMN%20Rudy%20Hartono_Rudy%20Hartono.pdf
58,unang@kemenkeu.go.id,ID77,Unang,197808092005011001,Bagian Organisasi dan Kepatuhan Internal,Subbagian Tata Laksana,iCherry,,936,936,,https://kemenkeu-my.sharepoint.com/personal/alifia_safira_kemenkeu_go_id/Documents/Alifia%20Faras%20Safira/Sekretariat%20Badan%20-%20Bag.%20Umum%20-%20Subbag.%20BMN/2026/09.%20Inventarisasi%20Laptop%20Pegawai%20(setban)/01.%20Organisasi%20dan%20Kepatuhan%20Internal/01.%20Organisasi%20dan%20Kepatuhan%20Internal%20-%20Foto%20Laptop/Laptop%202026-05-11%20at%2009.59.07%20(1)_Unang%20-.jpeg; https://kemenkeu-my.sharepoint.com/personal/alifia_safira_kemenkeu_go_id/Documents/Alifia%20Faras%20Safira/Sekretariat%20Badan%20-%20Bag.%20Umum%20-%20Subbag.%20BMN/2026/09.%20Inventarisasi%20Laptop%20Pegawai%20(setban)/01.%20Organisasi%20dan%20Kepatuhan%20Internal/01.%20Organisasi%20dan%20Kepatuhan%20Internal%20-%20Foto%20Laptop/Laptop%202026-05-11%20at%2009.59.07_Unang%20-.jpeg; https://kemenkeu-my.sharepoint.com/personal/alifia_safira_kemenkeu_go_id/Documents/Alifia%20Faras%20Safira/Sekretariat%20Badan%20-%20Bag.%20Umum%20-%20Subbag.%20BMN/2026/09.%20Inventarisasi%20Laptop%20Pegawai%20(setban)/01.%20Organisasi%20dan%20Kepatuhan%20Internal/01.%20Organisasi%20dan%20Kepatuhan%20Internal%20-%20Foto%20Laptop/Laptop%202026-05-11%20at%2009.59.08_Unang%20-.jpeg,https://kemenkeu-my.sharepoint.com/personal/alifia_safira_kemenkeu_go_id/Documents/Alifia%20Faras%20Safira/Sekretariat%20Badan%20-%20Bag.%20Umum%20-%20Subbag.%20BMN/2026/09.%20Inventarisasi%20Laptop%20Pegawai%20(setban)/01.%20Organisasi%20dan%20Kepatuhan%20Internal/Surat%20Pernyataan%20Peminjaman%20BMN%20(1)_Unang%20-.pdf
59,siti_rohmah@kemenkeu.go.id,F1 D14 DN50 5C,Siti Rohmah,197601031996022001,Bagian Umum,Subbagian Tata Usaha,DAC,,1171,1171,,https://kemenkeu-my.sharepoint.com/personal/alifia_safira_kemenkeu_go_id/Documents/Alifia%20Faras%20Safira/Sekretariat%20Badan%20-%20Bag.%20Umum%20-%20Subbag.%20BMN/2026/09.%20Inventarisasi%20Laptop%20Pegawai%20(setban)/05.%20Umum/05.%20Umum%20-%20Foto%20Laptop/WhatsApp%20Image%202026-05-11%20at%2010.25.22_Siti%20Rohmah.jpeg; https://kemenkeu-my.sharepoint.com/personal/alifia_safira_kemenkeu_go_id/Documents/Alifia%20Faras%20Safira/Sekretariat%20Badan%20-%20Bag.%20Umum%20-%20Subbag.%20BMN/2026/09.%20Inventarisasi%20Laptop%20Pegawai%20(setban)/05.%20Umum/05.%20Umum%20-%20Foto%20Laptop/WhatsApp%20Image%202026-05-11%20at%2010.25.00_Siti%20Rohmah.jpeg; https://kemenkeu-my.sharepoint.com/personal/alifia_safira_kemenkeu_go_id/Documents/Alifia%20Faras%20Safira/Sekretariat%20Badan%20-%20Bag.%20Umum%20-%20Subbag.%20BMN/2026/09.%20Inventarisasi%20Laptop%20Pegawai%20(setban)/05.%20Umum/05.%20Umum%20-%20Foto%20Laptop/WhatsApp%20Image%202026-05-11%20at%2010.24.24_Siti%20Rohmah.jpeg,https://kemenkeu-my.sharepoint.com/personal/alifia_safira_kemenkeu_go_id/Documents/Alifia%20Faras%20Safira/Sekretariat%20Badan%20-%20Bag.%20Umum%20-%20Subbag.%20BMN/2026/09.%20Inventarisasi%20Laptop%20Pegawai%20(setban)/05.%20Umum/Surat%20Pernyataan%20Peminjaman%20BMN_Siti%20Rohmah_Siti%20Rohmah.pdf
60,ramasantoso@kemenkeu.go.id,Travelmate TMP214 Core i5,Rama Santoso,198508132007011001,Bagian Organisasi dan Kepatuhan Internal,Subbagian Tata Laksana,Acer,,805,805,,https://kemenkeu-my.sharepoint.com/personal/alifia_safira_kemenkeu_go_id/Documents/Alifia%20Faras%20Safira/Sekretariat%20Badan%20-%20Bag.%20Umum%20-%20Subbag.%20BMN/2026/09.%20Inventarisasi%20Laptop%20Pegawai%20(setban)/01.%20Organisasi%20dan%20Kepatuhan%20Internal/01.%20Organisasi%20dan%20Kepatuhan%20Internal%20-%20Foto%20Laptop/1_Rama%20Santoso.jpeg; https://kemenkeu-my.sharepoint.com/personal/alifia_safira_kemenkeu_go_id/Documents/Alifia%20Faras%20Safira/Sekretariat%20Badan%20-%20Bag.%20Umum%20-%20Subbag.%20BMN/2026/09.%20Inventarisasi%20Laptop%20Pegawai%20(setban)/01.%20Organisasi%20dan%20Kepatuhan%20Internal/01.%20Organisasi%20dan%20Kepatuhan%20Internal%20-%20Foto%20Laptop/2_Rama%20Santoso.jpeg; https://kemenkeu-my.sharepoint.com/personal/alifia_safira_kemenkeu_go_id/Documents/Alifia%20Faras%20Safira/Sekretariat%20Badan%20-%20Bag.%20Umum%20-%20Subbag.%20BMN/2026/09.%20Inventarisasi%20Laptop%20Pegawai%20(setban)/01.%20Organisasi%20dan%20Kepatuhan%20Internal/01.%20Organisasi%20dan%20Kepatuhan%20Internal%20-%20Foto%20Laptop/3_Rama%20Santoso.jpeg,https://kemenkeu-my.sharepoint.com/personal/alifia_safira_kemenkeu_go_id/Documents/Alifia%20Faras%20Safira/Sekretariat%20Badan%20-%20Bag.%20Umum%20-%20Subbag.%20BMN/2026/09.%20Inventarisasi%20Laptop%20Pegawai%20(setban)/01.%20Organisasi%20dan%20Kepatuhan%20Internal/Surat%20Pernyataan%20Peminjaman%20BMN_Rama%20Santoso.pdf
61,kadityasmoro@kemenkeu.go.id,ID77,Krisna Adityasmoro,198508212007011001,Bagian Organisasi dan Kepatuhan Internal,Subbagian Hukum dan Kepatuhan Internal,iCherry,,950,950,,https://kemenkeu-my.sharepoint.com/personal/alifia_safira_kemenkeu_go_id/Documents/Alifia%20Faras%20Safira/Sekretariat%20Badan%20-%20Bag.%20Umum%20-%20Subbag.%20BMN/2026/09.%20Inventarisasi%20Laptop%20Pegawai%20(setban)/01.%20Organisasi%20dan%20Kepatuhan%20Internal/01.%20Organisasi%20dan%20Kepatuhan%20Internal%20-%20Foto%20Laptop/WhatsApp%20Image%202026-05-11%20at%2010.34.09_Krisna%20Adityasmoro.jpeg; https://kemenkeu-my.sharepoint.com/personal/alifia_safira_kemenkeu_go_id/Documents/Alifia%20Faras%20Safira/Sekretariat%20Badan%20-%20Bag.%20Umum%20-%20Subbag.%20BMN/2026/09.%20Inventarisasi%20Laptop%20Pegawai%20(setban)/01.%20Organisasi%20dan%20Kepatuhan%20Internal/01.%20Organisasi%20dan%20Kepatuhan%20Internal%20-%20Foto%20Laptop/WhatsApp%20Image%202026-05-11%20at%2010.35.03_Krisna%20Adityasmoro.jpeg; https://kemenkeu-my.sharepoint.com/personal/alifia_safira_kemenkeu_go_id/Documents/Alifia%20Faras%20Safira/Sekretariat%20Badan%20-%20Bag.%20Umum%20-%20Subbag.%20BMN/2026/09.%20Inventarisasi%20Laptop%20Pegawai%20(setban)/01.%20Organisasi%20dan%20Kepatuhan%20Internal/01.%20Organisasi%20dan%20Kepatuhan%20Internal%20-%20Foto%20Laptop/WhatsApp%20Image%202026-05-11%20at%2010.35.35_Krisna%20Adityasmoro.jpeg,https://kemenkeu-my.sharepoint.com/personal/alifia_safira_kemenkeu_go_id/Documents/Alifia%20Faras%20Safira/Sekretariat%20Badan%20-%20Bag.%20Umum%20-%20Subbag.%20BMN/2026/09.%20Inventarisasi%20Laptop%20Pegawai%20(setban)/01.%20Organisasi%20dan%20Kepatuhan%20Internal/Pernyataan%20BMN_Krisna%20Adityasmoro.pdf
62,muwardi.raharjo@kemenkeu.go.id,Travelmate TMP214 Core i5,Muwardi Raharjo,199003062014021003,Bagian Sumber Daya Manusia,Subbagian Manajemen Layanan Sumber Daya Manusia,Acer,,779,779,,https://kemenkeu-my.sharepoint.com/personal/alifia_safira_kemenkeu_go_id/Documents/Alifia%20Faras%20Safira/Sekretariat%20Badan%20-%20Bag.%20Umum%20-%20Subbag.%20BMN/2026/09.%20Inventarisasi%20Laptop%20Pegawai%20(setban)/02.%20Sumber%20Daya%20Manusia/02.%20Sumber%20Daya%20Manusia%20-%20Foto%20Laptop/WhatsApp%20Image%202026-05-11%20at%2011.03.04%20AM_Muwardi%20Raharjo.jpeg; https://kemenkeu-my.sharepoint.com/personal/alifia_safira_kemenkeu_go_id/Documents/Alifia%20Faras%20Safira/Sekretariat%20Badan%20-%20Bag.%20Umum%20-%20Subbag.%20BMN/2026/09.%20Inventarisasi%20Laptop%20Pegawai%20(setban)/02.%20Sumber%20Daya%20Manusia/02.%20Sumber%20Daya%20Manusia%20-%20Foto%20Laptop/WhatsApp%20Image%202026-05-11%20at%2011.02.30%20AM_Muwardi%20Raharjo.jpeg; https://kemenkeu-my.sharepoint.com/personal/alifia_safira_kemenkeu_go_id/Documents/Alifia%20Faras%20Safira/Sekretariat%20Badan%20-%20Bag.%20Umum%20-%20Subbag.%20BMN/2026/09.%20Inventarisasi%20Laptop%20Pegawai%20(setban)/02.%20Sumber%20Daya%20Manusia/02.%20Sumber%20Daya%20Manusia%20-%20Foto%20Laptop/WhatsApp%20Image%202026-05-11%20at%2011.01.30%20AM_Muwardi%20Raharjo.jpeg,https://kemenkeu-my.sharepoint.com/personal/alifia_safira_kemenkeu_go_id/Documents/Alifia%20Faras%20Safira/Sekretariat%20Badan%20-%20Bag.%20Umum%20-%20Subbag.%20BMN/2026/09.%20Inventarisasi%20Laptop%20Pegawai%20(setban)/02.%20Sumber%20Daya%20Manusia/Surat%20Pernyataan%20Peminjaman%20BMN%20-%20Muwardi%20Rah_Muwardi%20Raharjo.pdf
63,tianadewi.anggraeni@kemenkeu.go.id,F1 D14 DN50 5C,Tiana Dewi Anggraeni,199808292021012002,Bagian Sumber Daya Manusia,Subbagian Manajemen Layanan Sumber Daya Manusia,DAC,,1175,1175,,https://kemenkeu-my.sharepoint.com/personal/alifia_safira_kemenkeu_go_id/Documents/Alifia%20Faras%20Safira/Sekretariat%20Badan%20-%20Bag.%20Umum%20-%20Subbag.%20BMN/2026/09.%20Inventarisasi%20Laptop%20Pegawai%20(setban)/02.%20Sumber%20Daya%20Manusia/02.%20Sumber%20Daya%20Manusia%20-%20Foto%20Laptop/WhatsApp%20Image%202026-05-11%20at%2011.10.08%20(2)_Tiana%20Dewi%20Anggraeni.jpeg; https://kemenkeu-my.sharepoint.com/personal/alifia_safira_kemenkeu_go_id/Documents/Alifia%20Faras%20Safira/Sekretariat%20Badan%20-%20Bag.%20Umum%20-%20Subbag.%20BMN/2026/09.%20Inventarisasi%20Laptop%20Pegawai%20(setban)/02.%20Sumber%20Daya%20Manusia/02.%20Sumber%20Daya%20Manusia%20-%20Foto%20Laptop/WhatsApp%20Image%202026-05-11%20at%2011.10.08%20(1)_Tiana%20Dewi%20Anggraeni.jpeg; https://kemenkeu-my.sharepoint.com/personal/alifia_safira_kemenkeu_go_id/Documents/Alifia%20Faras%20Safira/Sekretariat%20Badan%20-%20Bag.%20Umum%20-%20Subbag.%20BMN/2026/09.%20Inventarisasi%20Laptop%20Pegawai%20(setban)/02.%20Sumber%20Daya%20Manusia/02.%20Sumber%20Daya%20Manusia%20-%20Foto%20Laptop/WhatsApp%20Image%202026-05-11%20at%2011.10.08_Tiana%20Dewi%20Anggraeni.jpeg,https://kemenkeu-my.sharepoint.com/personal/alifia_safira_kemenkeu_go_id/Documents/Alifia%20Faras%20Safira/Sekretariat%20Badan%20-%20Bag.%20Umum%20-%20Subbag.%20BMN/2026/09.%20Inventarisasi%20Laptop%20Pegawai%20(setban)/02.%20Sumber%20Daya%20Manusia/Surat%20Peminjaman%20BMN_Tiana%20Dewi%20Anggraeni.pdf
64,nasru.syava@kemenkeu.go.id,F1 D14 DN50 5C,Nasru Syava,198605202008121003,Bagian Sumber Daya Manusia,Subbagian Pengelolaan Jabatan Fungsional,DAC,,1156,1156,,https://kemenkeu-my.sharepoint.com/personal/alifia_safira_kemenkeu_go_id/Documents/Alifia%20Faras%20Safira/Sekretariat%20Badan%20-%20Bag.%20Umum%20-%20Subbag.%20BMN/2026/09.%20Inventarisasi%20Laptop%20Pegawai%20(setban)/02.%20Sumber%20Daya%20Manusia/02.%20Sumber%20Daya%20Manusia%20-%20Foto%20Laptop/laptop%20BMN%201_Nasru%20Syava.jpeg; https://kemenkeu-my.sharepoint.com/personal/alifia_safira_kemenkeu_go_id/Documents/Alifia%20Faras%20Safira/Sekretariat%20Badan%20-%20Bag.%20Umum%20-%20Subbag.%20BMN/2026/09.%20Inventarisasi%20Laptop%20Pegawai%20(setban)/02.%20Sumber%20Daya%20Manusia/02.%20Sumber%20Daya%20Manusia%20-%20Foto%20Laptop/laptop%20BMN%202_Nasru%20Syava.jpeg; https://kemenkeu-my.sharepoint.com/personal/alifia_safira_kemenkeu_go_id/Documents/Alifia%20Faras%20Safira/Sekretariat%20Badan%20-%20Bag.%20Umum%20-%20Subbag.%20BMN/2026/09.%20Inventarisasi%20Laptop%20Pegawai%20(setban)/02.%20Sumber%20Daya%20Manusia/02.%20Sumber%20Daya%20Manusia%20-%20Foto%20Laptop/laptop%20BMN%203_Nasru%20Syava.jpeg,https://kemenkeu-my.sharepoint.com/personal/alifia_safira_kemenkeu_go_id/Documents/Alifia%20Faras%20Safira/Sekretariat%20Badan%20-%20Bag.%20Umum%20-%20Subbag.%20BMN/2026/09.%20Inventarisasi%20Laptop%20Pegawai%20(setban)/02.%20Sumber%20Daya%20Manusia/Surat%20Pernyataan%20Peminjaman%20%20BMN%20Nasru%20Syava_Nasru%20Syava.pdf
65,sentra.ardianto@kemenkeu.go.id,Travelmate TMP214 Core i5,Sentra Sains Ardianto,199609172018121001,Bagian Perencanaan dan Keuangan,Subbagian Perencanaan Anggaran,Acer,,802,802,,https://kemenkeu-my.sharepoint.com/personal/alifia_safira_kemenkeu_go_id/Documents/Alifia%20Faras%20Safira/Sekretariat%20Badan%20-%20Bag.%20Umum%20-%20Subbag.%20BMN/2026/09.%20Inventarisasi%20Laptop%20Pegawai%20(setban)/03.%20Perencanaan%20dan%20Keuangan/03.%20Perencanaan%20dan%20Keuangan%20-%20Foto%20Laptop/WhatsApp%20Image%202026-05-11%20at%2014.18.39%20(1)_Sentra%20Sains%20Ardiant.jpeg; https://kemenkeu-my.sharepoint.com/personal/alifia_safira_kemenkeu_go_id/Documents/Alifia%20Faras%20Safira/Sekretariat%20Badan%20-%20Bag.%20Umum%20-%20Subbag.%20BMN/2026/09.%20Inventarisasi%20Laptop%20Pegawai%20(setban)/03.%20Perencanaan%20dan%20Keuangan/03.%20Perencanaan%20dan%20Keuangan%20-%20Foto%20Laptop/WhatsApp%20Image%202026-05-11%20at%2014.18.39_Sentra%20Sains%20Ardiant.jpeg; https://kemenkeu-my.sharepoint.com/personal/alifia_safira_kemenkeu_go_id/Documents/Alifia%20Faras%20Safira/Sekretariat%20Badan%20-%20Bag.%20Umum%20-%20Subbag.%20BMN/2026/09.%20Inventarisasi%20Laptop%20Pegawai%20(setban)/03.%20Perencanaan%20dan%20Keuangan/03.%20Perencanaan%20dan%20Keuangan%20-%20Foto%20Laptop/WhatsApp%20Image%202026-05-11%20at%2014.18.38_Sentra%20Sains%20Ardiant.jpeg,https://kemenkeu-my.sharepoint.com/personal/alifia_safira_kemenkeu_go_id/Documents/Alifia%20Faras%20Safira/Sekretariat%20Badan%20-%20Bag.%20Umum%20-%20Subbag.%20BMN/2026/09.%20Inventarisasi%20Laptop%20Pegawai%20(setban)/03.%20Perencanaan%20dan%20Keuangan/Surat%20Pernyataan%20Peminjaman%20BMN_Sentra%20Sains_Sentra%20Sains%20Ardiant.pdf
66,daryan.ciptadi@kemenkeu.go.id,F1 D14 DN50 5C,Daryan Ciptadi,198609172010121002,Bagian Organisasi dan Kepatuhan Internal,Subbagian Hukum dan Kepatuhan Internal,DAC,,1134,1134,,https://kemenkeu-my.sharepoint.com/personal/alifia_safira_kemenkeu_go_id/Documents/Alifia%20Faras%20Safira/Sekretariat%20Badan%20-%20Bag.%20Umum%20-%20Subbag.%20BMN/2026/09.%20Inventarisasi%20Laptop%20Pegawai%20(setban)/01.%20Organisasi%20dan%20Kepatuhan%20Internal/01.%20Organisasi%20dan%20Kepatuhan%20Internal%20-%20Foto%20Laptop/Tampak%20Depan_Daryan%20Ciptadi.jpeg; https://kemenkeu-my.sharepoint.com/personal/alifia_safira_kemenkeu_go_id/Documents/Alifia%20Faras%20Safira/Sekretariat%20Badan%20-%20Bag.%20Umum%20-%20Subbag.%20BMN/2026/09.%20Inventarisasi%20Laptop%20Pegawai%20(setban)/01.%20Organisasi%20dan%20Kepatuhan%20Internal/01.%20Organisasi%20dan%20Kepatuhan%20Internal%20-%20Foto%20Laptop/Tampak%20Belakang_Daryan%20Ciptadi.jpeg; https://kemenkeu-my.sharepoint.com/personal/alifia_safira_kemenkeu_go_id/Documents/Alifia%20Faras%20Safira/Sekretariat%20Badan%20-%20Bag.%20Umum%20-%20Subbag.%20BMN/2026/09.%20Inventarisasi%20Laptop%20Pegawai%20(setban)/01.%20Organisasi%20dan%20Kepatuhan%20Internal/01.%20Organisasi%20dan%20Kepatuhan%20Internal%20-%20Foto%20Laptop/Tampak%20Bawah_Daryan%20Ciptadi.jpeg,https://kemenkeu-my.sharepoint.com/personal/alifia_safira_kemenkeu_go_id/Documents/Alifia%20Faras%20Safira/Sekretariat%20Badan%20-%20Bag.%20Umum%20-%20Subbag.%20BMN/2026/09.%20Inventarisasi%20Laptop%20Pegawai%20(setban)/01.%20Organisasi%20dan%20Kepatuhan%20Internal/Surat%20Pernyataan%20Peminjaman%20BMN%20a.n.%20Daryan%20C_Daryan%20Ciptadi.pdf
67,shirlee.marbun@kemenkeu.go.id,ID77,Shirlee Marbun,198604162010122008,"Bagian Manajemen Pengetahuan, Komunikasi, dan Kerja Sama",Subbagian Manajemen Pengetahuan,iCherry,,941,941,,"https://kemenkeu-my.sharepoint.com/personal/alifia_safira_kemenkeu_go_id/Documents/Alifia%20Faras%20Safira/Sekretariat%20Badan%20-%20Bag.%20Umum%20-%20Subbag.%20BMN/2026/09.%20Inventarisasi%20Laptop%20Pegawai%20(setban)/04.%20Manajemen%20Pengetahuan,%20Komunikasi,%20dan%20Kerja%20Sama/04.%20Manajemen%20Pengetahuan,%20Komunikasi,%20dan%20Kerja%20Sama%20-%20Foto%20Laptop/1%20BMN_Shirlee%20Marbun.jpeg; https://kemenkeu-my.sharepoint.com/personal/alifia_safira_kemenkeu_go_id/Documents/Alifia%20Faras%20Safira/Sekretariat%20Badan%20-%20Bag.%20Umum%20-%20Subbag.%20BMN/2026/09.%20Inventarisasi%20Laptop%20Pegawai%20(setban)/04.%20Manajemen%20Pengetahuan,%20Komunikasi,%20dan%20Kerja%20Sama/04.%20Manajemen%20Pengetahuan,%20Komunikasi,%20dan%20Kerja%20Sama%20-%20Foto%20Laptop/2%20BMN_Shirlee%20Marbun.jpeg; https://kemenkeu-my.sharepoint.com/personal/alifia_safira_kemenkeu_go_id/Documents/Alifia%20Faras%20Safira/Sekretariat%20Badan%20-%20Bag.%20Umum%20-%20Subbag.%20BMN/2026/09.%20Inventarisasi%20Laptop%20Pegawai%20(setban)/04.%20Manajemen%20Pengetahuan,%20Komunikasi,%20dan%20Kerja%20Sama/04.%20Manajemen%20Pengetahuan,%20Komunikasi,%20dan%20Kerja%20Sama%20-%20Foto%20Laptop/3%20BMN_Shirlee%20Marbun.jpeg","https://kemenkeu-my.sharepoint.com/personal/alifia_safira_kemenkeu_go_id/Documents/Alifia%20Faras%20Safira/Sekretariat%20Badan%20-%20Bag.%20Umum%20-%20Subbag.%20BMN/2026/09.%20Inventarisasi%20Laptop%20Pegawai%20(setban)/04.%20Manajemen%20Pengetahuan,%20Komunikasi,%20dan%20Kerja%20Sama/Inventaris%20BMN_Shirlee%20Marbun.pdf"
68,f.agriania@kemenkeu.go.id,F1 D14 DN50 5C,Frisda Agriani Ambarita,197306271998032001,Bagian Perencanaan dan Keuangan,Subbagian Perencanaan Anggaran,DAC,,1138,1138,,https://kemenkeu-my.sharepoint.com/personal/alifia_safira_kemenkeu_go_id/Documents/Alifia%20Faras%20Safira/Sekretariat%20Badan%20-%20Bag.%20Umum%20-%20Subbag.%20BMN/2026/09.%20Inventarisasi%20Laptop%20Pegawai%20(setban)/03.%20Perencanaan%20dan%20Keuangan/03.%20Perencanaan%20dan%20Keuangan%20-%20Foto%20Laptop/Foto-1%20laptop_Frisda%20Agriani%20Ambar.jpeg; https://kemenkeu-my.sharepoint.com/personal/alifia_safira_kemenkeu_go_id/Documents/Alifia%20Faras%20Safira/Sekretariat%20Badan%20-%20Bag.%20Umum%20-%20Subbag.%20BMN/2026/09.%20Inventarisasi%20Laptop%20Pegawai%20(setban)/03.%20Perencanaan%20dan%20Keuangan/03.%20Perencanaan%20dan%20Keuangan%20-%20Foto%20Laptop/Foto-2%20laptop_Frisda%20Agriani%20Ambar.jpeg; https://kemenkeu-my.sharepoint.com/personal/alifia_safira_kemenkeu_go_id/Documents/Alifia%20Faras%20Safira/Sekretariat%20Badan%20-%20Bag.%20Umum%20-%20Subbag.%20BMN/2026/09.%20Inventarisasi%20Laptop%20Pegawai%20(setban)/03.%20Perencanaan%20dan%20Keuangan/03.%20Perencanaan%20dan%20Keuangan%20-%20Foto%20Laptop/Foto-3%20laptop_Frisda%20Agriani%20Ambar.jpeg,https://kemenkeu-my.sharepoint.com/personal/alifia_safira_kemenkeu_go_id/Documents/Alifia%20Faras%20Safira/Sekretariat%20Badan%20-%20Bag.%20Umum%20-%20Subbag.%20BMN/2026/09.%20Inventarisasi%20Laptop%20Pegawai%20(setban)/03.%20Perencanaan%20dan%20Keuangan/Surat%20Peminjaman%20BMN_Frisda_Frisda%20Agriani%20Ambar.pdf
69,dinakhaisa@kemenkeu.go.id, 14-inch MacBook Pro M4,Dina Khairunnisa,199707262018122001,"Bagian Manajemen Pengetahuan, Komunikasi, dan Kerja Sama",Subbagian Analisis Data Pembelajaran,Apple,,,,,"https://kemenkeu-my.sharepoint.com/personal/alifia_safira_kemenkeu_go_id/Documents/Alifia%20Faras%20Safira/Sekretariat%20Badan%20-%20Bag.%20Umum%20-%20Subbag.%20BMN/2026/09.%20Inventarisasi%20Laptop%20Pegawai%20(setban)/04.%20Manajemen%20Pengetahuan,%20Komunikasi,%20dan%20Kerja%20Sama/04.%20Manajemen%20Pengetahuan,%20Komunikasi,%20dan%20Kerja%20Sama%20-%20Foto%20Laptop/WhatsApp%20Image%202026-05-11%20at%2017.00.38%20(1)_Dina%20Khairunnisa.jpeg; https://kemenkeu-my.sharepoint.com/personal/alifia_safira_kemenkeu_go_id/Documents/Alifia%20Faras%20Safira/Sekretariat%20Badan%20-%20Bag.%20Umum%20-%20Subbag.%20BMN/2026/09.%20Inventarisasi%20Laptop%20Pegawai%20(setban)/04.%20Manajemen%20Pengetahuan,%20Komunikasi,%20dan%20Kerja%20Sama/04.%20Manajemen%20Pengetahuan,%20Komunikasi,%20dan%20Kerja%20Sama%20-%20Foto%20Laptop/WhatsApp%20Image%202026-05-11%20at%2017.00.38_Dina%20Khairunnisa.jpeg; https://kemenkeu-my.sharepoint.com/personal/alifia_safira_kemenkeu_go_id/Documents/Alifia%20Faras%20Safira/Sekretariat%20Badan%20-%20Bag.%20Umum%20-%20Subbag.%20BMN/2026/09.%20Inventarisasi%20Laptop%20Pegawai%20(setban)/04.%20Manajemen%20Pengetahuan,%20Komunikasi,%20dan%20Kerja%20Sama/04.%20Manajemen%20Pengetahuan,%20Komunikasi,%20dan%20Kerja%20Sama%20-%20Foto%20Laptop/WhatsApp%20Image%202026-05-11%20at%2017.00.39_Dina%20Khairunnisa.jpeg","https://kemenkeu-my.sharepoint.com/personal/alifia_safira_kemenkeu_go_id/Documents/Alifia%20Faras%20Safira/Sekretariat%20Badan%20-%20Bag.%20Umum%20-%20Subbag.%20BMN/2026/09.%20Inventarisasi%20Laptop%20Pegawai%20(setban)/04.%20Manajemen%20Pengetahuan,%20Komunikasi,%20dan%20Kerja%20Sama/BAST%20Surat%20Peminjaman%20Dina%20Khairunnisa_Dina%20Khairunnisa.pdf"
70,syassiaz@kemenkeu.go.id,Probook 430 G7,Syassi Azziz,198512172007101001,Bagian Umum,Subbagian Perencanaan dan Pengadaan,HP,,965,965,,https://kemenkeu-my.sharepoint.com/personal/alifia_safira_kemenkeu_go_id/Documents/Alifia%20Faras%20Safira/Sekretariat%20Badan%20-%20Bag.%20Umum%20-%20Subbag.%20BMN/2026/09.%20Inventarisasi%20Laptop%20Pegawai%20(setban)/05.%20Umum/05.%20Umum%20-%20Foto%20Laptop/WhatsApp%20Image%202026-05-11%20at%2017.41.10%20(1)_Syassi%20Azziz.jpeg; https://kemenkeu-my.sharepoint.com/personal/alifia_safira_kemenkeu_go_id/Documents/Alifia%20Faras%20Safira/Sekretariat%20Badan%20-%20Bag.%20Umum%20-%20Subbag.%20BMN/2026/09.%20Inventarisasi%20Laptop%20Pegawai%20(setban)/05.%20Umum/05.%20Umum%20-%20Foto%20Laptop/WhatsApp%20Image%202026-05-11%20at%2017.41.10_Syassi%20Azziz.jpeg; https://kemenkeu-my.sharepoint.com/personal/alifia_safira_kemenkeu_go_id/Documents/Alifia%20Faras%20Safira/Sekretariat%20Badan%20-%20Bag.%20Umum%20-%20Subbag.%20BMN/2026/09.%20Inventarisasi%20Laptop%20Pegawai%20(setban)/05.%20Umum/05.%20Umum%20-%20Foto%20Laptop/WhatsApp%20Image%202026-05-11%20at%2017.41.11_Syassi%20Azziz.jpeg,https://kemenkeu-my.sharepoint.com/personal/alifia_safira_kemenkeu_go_id/Documents/Alifia%20Faras%20Safira/Sekretariat%20Badan%20-%20Bag.%20Umum%20-%20Subbag.%20BMN/2026/09.%20Inventarisasi%20Laptop%20Pegawai%20(setban)/05.%20Umum/Form%20Peminjaman%20BMN%20a.n.%20Syassi%20Azziz_Syassi%20Azziz.pdf
71,kemis.rianto@kemenkeu.go.id,F1 D14 DN50 5C,Kemis Rianto,197501151996021002,Bagian Organisasi dan Kepatuhan Internal,Subbagian Hukum dan Kepatuhan Internal,DAC,,1148,1148,,https://kemenkeu-my.sharepoint.com/personal/alifia_safira_kemenkeu_go_id/Documents/Alifia%20Faras%20Safira/Sekretariat%20Badan%20-%20Bag.%20Umum%20-%20Subbag.%20BMN/2026/09.%20Inventarisasi%20Laptop%20Pegawai%20(setban)/01.%20Organisasi%20dan%20Kepatuhan%20Internal/01.%20Organisasi%20dan%20Kepatuhan%20Internal%20-%20Foto%20Laptop/WhatsApp%20Image%202026-05-12%20at%2008.04.45%20(1)_Kemis%20Rianto.jpeg; https://kemenkeu-my.sharepoint.com/personal/alifia_safira_kemenkeu_go_id/Documents/Alifia%20Faras%20Safira/Sekretariat%20Badan%20-%20Bag.%20Umum%20-%20Subbag.%20BMN/2026/09.%20Inventarisasi%20Laptop%20Pegawai%20(setban)/01.%20Organisasi%20dan%20Kepatuhan%20Internal/01.%20Organisasi%20dan%20Kepatuhan%20Internal%20-%20Foto%20Laptop/WhatsApp%20Image%202026-05-12%20at%2008.04.45%20(2)_Kemis%20Rianto.jpeg; https://kemenkeu-my.sharepoint.com/personal/alifia_safira_kemenkeu_go_id/Documents/Alifia%20Faras%20Safira/Sekretariat%20Badan%20-%20Bag.%20Umum%20-%20Subbag.%20BMN/2026/09.%20Inventarisasi%20Laptop%20Pegawai%20(setban)/01.%20Organisasi%20dan%20Kepatuhan%20Internal/01.%20Organisasi%20dan%20Kepatuhan%20Internal%20-%20Foto%20Laptop/WhatsApp%20Image%202026-05-12%20at%2008.04.45_Kemis%20Rianto.jpeg,https://kemenkeu-my.sharepoint.com/personal/alifia_safira_kemenkeu_go_id/Documents/Alifia%20Faras%20Safira/Sekretariat%20Badan%20-%20Bag.%20Umum%20-%20Subbag.%20BMN/2026/09.%20Inventarisasi%20Laptop%20Pegawai%20(setban)/01.%20Organisasi%20dan%20Kepatuhan%20Internal/Surat%20Pernyataan%20Peminjaman%20BMN%20(1)_Kemis%20Rianto.pdf
72,bagus.purwanto@kemenkeu.go.id,ROG STRIX G16 G615LM RTX5060 ULTRA 9 275HX 32GB 1TB W11+OHS 16.0WQXGA 240HZ WINDOWS 11 HOME,Bagus settya tugas purwanto,198510252010121005,"Bagian Manajemen Pengetahuan, Komunikasi, dan Kerja Sama","Subbagian Komunikasi, Layanan Informasi, dan Kerja Sama",Asus,,,,Ipad pro ex sesban,"https://kemenkeu-my.sharepoint.com/personal/alifia_safira_kemenkeu_go_id/Documents/Alifia%20Faras%20Safira/Sekretariat%20Badan%20-%20Bag.%20Umum%20-%20Subbag.%20BMN/2026/09.%20Inventarisasi%20Laptop%20Pegawai%20(setban)/04.%20Manajemen%20Pengetahuan,%20Komunikasi,%20dan%20Kerja%20Sama/04.%20Manajemen%20Pengetahuan,%20Komunikasi,%20dan%20Kerja%20Sama%20-%20Foto%20Laptop/20260512_085517_Bagus%20Settya%20Tugas.jpg; https://kemenkeu-my.sharepoint.com/personal/alifia_safira_kemenkeu_go_id/Documents/Alifia%20Faras%20Safira/Sekretariat%20Badan%20-%20Bag.%20Umum%20-%20Subbag.%20BMN/2026/09.%20Inventarisasi%20Laptop%20Pegawai%20(setban)/04.%20Manajemen%20Pengetahuan,%20Komunikasi,%20dan%20Kerja%20Sama/04.%20Manajemen%20Pengetahuan,%20Komunikasi,%20dan%20Kerja%20Sama%20-%20Foto%20Laptop/20260512_085500_Bagus%20Settya%20Tugas.jpg; https://kemenkeu-my.sharepoint.com/personal/alifia_safira_kemenkeu_go_id/Documents/Alifia%20Faras%20Safira/Sekretariat%20Badan%20-%20Bag.%20Umum%20-%20Subbag.%20BMN/2026/09.%20Inventarisasi%20Laptop%20Pegawai%20(setban)/04.%20Manajemen%20Pengetahuan,%20Komunikasi,%20dan%20Kerja%20Sama/04.%20Manajemen%20Pengetahuan,%20Komunikasi,%20dan%20Kerja%20Sama%20-%20Foto%20Laptop/20260512_085450_Bagus%20Settya%20Tugas.jpg","https://kemenkeu-my.sharepoint.com/personal/alifia_safira_kemenkeu_go_id/Documents/Alifia%20Faras%20Safira/Sekretariat%20Badan%20-%20Bag.%20Umum%20-%20Subbag.%20BMN/2026/09.%20Inventarisasi%20Laptop%20Pegawai%20(setban)/04.%20Manajemen%20Pengetahuan,%20Komunikasi,%20dan%20Kerja%20Sama/Peminjaman%202026_Bagus%20Settya%20Tugas.pdf"
73,retyan.laksita@kemenkeu.go.id,F1 D14 DN50 5C,Retyan Laksita Mutiary,198409302010122003,Bagian Organisasi dan Kepatuhan Internal,Subbagian Hukum dan Kepatuhan Internal,DAC,,1164,1164,,https://kemenkeu-my.sharepoint.com/personal/alifia_safira_kemenkeu_go_id/Documents/Alifia%20Faras%20Safira/Sekretariat%20Badan%20-%20Bag.%20Umum%20-%20Subbag.%20BMN/2026/09.%20Inventarisasi%20Laptop%20Pegawai%20(setban)/01.%20Organisasi%20dan%20Kepatuhan%20Internal/01.%20Organisasi%20dan%20Kepatuhan%20Internal%20-%20Foto%20Laptop/DAC%20tampak%20bawah_Retyan%20Laksita%20Mutia.jpeg; https://kemenkeu-my.sharepoint.com/personal/alifia_safira_kemenkeu_go_id/Documents/Alifia%20Faras%20Safira/Sekretariat%20Badan%20-%20Bag.%20Umum%20-%20Subbag.%20BMN/2026/09.%20Inventarisasi%20Laptop%20Pegawai%20(setban)/01.%20Organisasi%20dan%20Kepatuhan%20Internal/01.%20Organisasi%20dan%20Kepatuhan%20Internal%20-%20Foto%20Laptop/DAC%20tampak%20belakang_Retyan%20Laksita%20Mutia.jpeg; https://kemenkeu-my.sharepoint.com/personal/alifia_safira_kemenkeu_go_id/Documents/Alifia%20Faras%20Safira/Sekretariat%20Badan%20-%20Bag.%20Umum%20-%20Subbag.%20BMN/2026/09.%20Inventarisasi%20Laptop%20Pegawai%20(setban)/01.%20Organisasi%20dan%20Kepatuhan%20Internal/01.%20Organisasi%20dan%20Kepatuhan%20Internal%20-%20Foto%20Laptop/DAC%20tampak%20depan_Retyan%20Laksita%20Mutia.jpeg,https://kemenkeu-my.sharepoint.com/personal/alifia_safira_kemenkeu_go_id/Documents/Alifia%20Faras%20Safira/Sekretariat%20Badan%20-%20Bag.%20Umum%20-%20Subbag.%20BMN/2026/09.%20Inventarisasi%20Laptop%20Pegawai%20(setban)/01.%20Organisasi%20dan%20Kepatuhan%20Internal/Surat%20Peminjaman%20BMN_Laksita%20(DS)_Retyan%20Laksita%20Mutia.pdf
74,ricky.qodri@kemenkeu.go.id,F1 D14 DN50 5C,M. Ricky Qodri,199512082018011005,Bagian Sumber Daya Manusia,Subbagian Manajemen Layanan Sumber Daya Manusia,DAC,,1149,1149,,https://kemenkeu-my.sharepoint.com/personal/alifia_safira_kemenkeu_go_id/Documents/Alifia%20Faras%20Safira/Sekretariat%20Badan%20-%20Bag.%20Umum%20-%20Subbag.%20BMN/2026/09.%20Inventarisasi%20Laptop%20Pegawai%20(setban)/02.%20Sumber%20Daya%20Manusia/02.%20Sumber%20Daya%20Manusia%20-%20Foto%20Laptop/WhatsApp%20Image%202026-05-12%20at%2009.36.15%20(2)_M.%20Ricky%20Qodri.jpeg; https://kemenkeu-my.sharepoint.com/personal/alifia_safira_kemenkeu_go_id/Documents/Alifia%20Faras%20Safira/Sekretariat%20Badan%20-%20Bag.%20Umum%20-%20Subbag.%20BMN/2026/09.%20Inventarisasi%20Laptop%20Pegawai%20(setban)/02.%20Sumber%20Daya%20Manusia/02.%20Sumber%20Daya%20Manusia%20-%20Foto%20Laptop/WhatsApp%20Image%202026-05-12%20at%2009.36.15%20(1)_M.%20Ricky%20Qodri.jpeg; https://kemenkeu-my.sharepoint.com/personal/alifia_safira_kemenkeu_go_id/Documents/Alifia%20Faras%20Safira/Sekretariat%20Badan%20-%20Bag.%20Umum%20-%20Subbag.%20BMN/2026/09.%20Inventarisasi%20Laptop%20Pegawai%20(setban)/02.%20Sumber%20Daya%20Manusia/02.%20Sumber%20Daya%20Manusia%20-%20Foto%20Laptop/WhatsApp%20Image%202026-05-12%20at%2009.36.15_M.%20Ricky%20Qodri.jpeg,https://kemenkeu-my.sharepoint.com/personal/alifia_safira_kemenkeu_go_id/Documents/Alifia%20Faras%20Safira/Sekretariat%20Badan%20-%20Bag.%20Umum%20-%20Subbag.%20BMN/2026/09.%20Inventarisasi%20Laptop%20Pegawai%20(setban)/02.%20Sumber%20Daya%20Manusia/Peminajaman%20BMN_M.%20Ricky%20Qodri.pdf
75,rara.kirana@kemenkeu.go.id,F1 D14 DN50 5C,Rara Nisya Kirana,200001282019122003,Bagian Umum,Subbagian Pengelolaan Barang Milik Negara,DAC,,1163,1163,,https://kemenkeu-my.sharepoint.com/personal/alifia_safira_kemenkeu_go_id/Documents/Alifia%20Faras%20Safira/Sekretariat%20Badan%20-%20Bag.%20Umum%20-%20Subbag.%20BMN/2026/09.%20Inventarisasi%20Laptop%20Pegawai%20(setban)/05.%20Umum/05.%20Umum%20-%20Foto%20Laptop/WhatsApp%20Image%202026-05-12%20at%2009.22.18_Rara%20Kirana.jpeg; https://kemenkeu-my.sharepoint.com/personal/alifia_safira_kemenkeu_go_id/Documents/Alifia%20Faras%20Safira/Sekretariat%20Badan%20-%20Bag.%20Umum%20-%20Subbag.%20BMN/2026/09.%20Inventarisasi%20Laptop%20Pegawai%20(setban)/05.%20Umum/05.%20Umum%20-%20Foto%20Laptop/WhatsApp%20Image%202026-05-12%20at%2009.22.19%20(1)_Rara%20Kirana.jpeg; https://kemenkeu-my.sharepoint.com/personal/alifia_safira_kemenkeu_go_id/Documents/Alifia%20Faras%20Safira/Sekretariat%20Badan%20-%20Bag.%20Umum%20-%20Subbag.%20BMN/2026/09.%20Inventarisasi%20Laptop%20Pegawai%20(setban)/05.%20Umum/05.%20Umum%20-%20Foto%20Laptop/WhatsApp%20Image%202026-05-12%20at%2009.22.19_Rara%20Kirana.jpeg,https://kemenkeu-my.sharepoint.com/personal/alifia_safira_kemenkeu_go_id/Documents/Alifia%20Faras%20Safira/Sekretariat%20Badan%20-%20Bag.%20Umum%20-%20Subbag.%20BMN/2026/09.%20Inventarisasi%20Laptop%20Pegawai%20(setban)/05.%20Umum/Surat%20Pernyataan%20Peminjaman%20BMN_Rara%20Kirana.pdf
76,lucia.febriyani@kemenkeu.go.id,Precision 3570-001,Lucia Febriyani Subarjo ,199702112018122001,Bagian Perencanaan dan Keuangan,Subbagian Perbendaharaan I,Dell,,765,765,,https://kemenkeu-my.sharepoint.com/personal/alifia_safira_kemenkeu_go_id/Documents/Alifia%20Faras%20Safira/Sekretariat%20Badan%20-%20Bag.%20Umum%20-%20Subbag.%20BMN/2026/09.%20Inventarisasi%20Laptop%20Pegawai%20(setban)/03.%20Perencanaan%20dan%20Keuangan/03.%20Perencanaan%20dan%20Keuangan%20-%20Foto%20Laptop/WhatsApp%20Image%202026-05-12%20at%2009.42.13%20(2)_Lucia%20Febriyani%20Suba.jpeg; https://kemenkeu-my.sharepoint.com/personal/alifia_safira_kemenkeu_go_id/Documents/Alifia%20Faras%20Safira/Sekretariat%20Badan%20-%20Bag.%20Umum%20-%20Subbag.%20BMN/2026/09.%20Inventarisasi%20Laptop%20Pegawai%20(setban)/03.%20Perencanaan%20dan%20Keuangan/03.%20Perencanaan%20dan%20Keuangan%20-%20Foto%20Laptop/WhatsApp%20Image%202026-05-12%20at%2009.42.13%20(1)_Lucia%20Febriyani%20Suba.jpeg; https://kemenkeu-my.sharepoint.com/personal/alifia_safira_kemenkeu_go_id/Documents/Alifia%20Faras%20Safira/Sekretariat%20Badan%20-%20Bag.%20Umum%20-%20Subbag.%20BMN/2026/09.%20Inventarisasi%20Laptop%20Pegawai%20(setban)/03.%20Perencanaan%20dan%20Keuangan/03.%20Perencanaan%20dan%20Keuangan%20-%20Foto%20Laptop/WhatsApp%20Image%202026-05-12%20at%2009.42.13_Lucia%20Febriyani%20Suba.jpeg,https://kemenkeu-my.sharepoint.com/personal/alifia_safira_kemenkeu_go_id/Documents/Alifia%20Faras%20Safira/Sekretariat%20Badan%20-%20Bag.%20Umum%20-%20Subbag.%20BMN/2026/09.%20Inventarisasi%20Laptop%20Pegawai%20(setban)/03.%20Perencanaan%20dan%20Keuangan/BMN_Lucia%20Febriyani%20Suba.pdf
77,irawati.nur@kemenkeu.go.id,Probook 430 G7,Irawati Nur Utami,198910142010122002,Bagian Organisasi dan Kepatuhan Internal,Subbagian Pengelolaan Kinerja dan Risiko Organisasi,HP,,966,966,,https://kemenkeu-my.sharepoint.com/personal/alifia_safira_kemenkeu_go_id/Documents/Alifia%20Faras%20Safira/Sekretariat%20Badan%20-%20Bag.%20Umum%20-%20Subbag.%20BMN/2026/09.%20Inventarisasi%20Laptop%20Pegawai%20(setban)/01.%20Organisasi%20dan%20Kepatuhan%20Internal/01.%20Organisasi%20dan%20Kepatuhan%20Internal%20-%20Foto%20Laptop/WhatsApp%20Image%202026-05-12%20at%209.47.30%20AM_Irawati%20Nur%20Utami.jpeg; https://kemenkeu-my.sharepoint.com/personal/alifia_safira_kemenkeu_go_id/Documents/Alifia%20Faras%20Safira/Sekretariat%20Badan%20-%20Bag.%20Umum%20-%20Subbag.%20BMN/2026/09.%20Inventarisasi%20Laptop%20Pegawai%20(setban)/01.%20Organisasi%20dan%20Kepatuhan%20Internal/01.%20Organisasi%20dan%20Kepatuhan%20Internal%20-%20Foto%20Laptop/WhatsApp%20Image%202026-05-12%20at%209.47.29%20AM%20(1)_Irawati%20Nur%20Utami.jpeg; https://kemenkeu-my.sharepoint.com/personal/alifia_safira_kemenkeu_go_id/Documents/Alifia%20Faras%20Safira/Sekretariat%20Badan%20-%20Bag.%20Umum%20-%20Subbag.%20BMN/2026/09.%20Inventarisasi%20Laptop%20Pegawai%20(setban)/01.%20Organisasi%20dan%20Kepatuhan%20Internal/01.%20Organisasi%20dan%20Kepatuhan%20Internal%20-%20Foto%20Laptop/WhatsApp%20Image%202026-05-12%20at%209.47.29%20AM_Irawati%20Nur%20Utami.jpeg,https://kemenkeu-my.sharepoint.com/personal/alifia_safira_kemenkeu_go_id/Documents/Alifia%20Faras%20Safira/Sekretariat%20Badan%20-%20Bag.%20Umum%20-%20Subbag.%20BMN/2026/09.%20Inventarisasi%20Laptop%20Pegawai%20(setban)/01.%20Organisasi%20dan%20Kepatuhan%20Internal/PRN%20Peminjaman%20BMN%20a.n.%20Irawati%20Nur%20Utami_Irawati%20Nur%20Utami.pdf
83,phesona.toruan@kemenkeu.go.id,ID77,Phesona Elok Brillyananda Toruan,198907012009122002,Bagian Organisasi dan Kepatuhan Internal,Subbagian Organisasi,iCherry,,935,935,,https://kemenkeu-my.sharepoint.com/personal/alifia_safira_kemenkeu_go_id/Documents/Alifia%20Faras%20Safira/Sekretariat%20Badan%20-%20Bag.%20Umum%20-%20Subbag.%20BMN/2026/09.%20Inventarisasi%20Laptop%20Pegawai%20(setban)/01.%20Organisasi%20dan%20Kepatuhan%20Internal/01.%20Organisasi%20dan%20Kepatuhan%20Internal%20-%20Foto%20Laptop/IMG_3379_Phesona%20Elok%20Brillya.JPG; https://kemenkeu-my.sharepoint.com/personal/alifia_safira_kemenkeu_go_id/Documents/Alifia%20Faras%20Safira/Sekretariat%20Badan%20-%20Bag.%20Umum%20-%20Subbag.%20BMN/2026/09.%20Inventarisasi%20Laptop%20Pegawai%20(setban)/01.%20Organisasi%20dan%20Kepatuhan%20Internal/01.%20Organisasi%20dan%20Kepatuhan%20Internal%20-%20Foto%20Laptop/IMG_3380_Phesona%20Elok%20Brillya.JPG; https://kemenkeu-my.sharepoint.com/personal/alifia_safira_kemenkeu_go_id/Documents/Alifia%20Faras%20Safira/Sekretariat%20Badan%20-%20Bag.%20Umum%20-%20Subbag.%20BMN/2026/09.%20Inventarisasi%20Laptop%20Pegawai%20(setban)/01.%20Organisasi%20dan%20Kepatuhan%20Internal/01.%20Organisasi%20dan%20Kepatuhan%20Internal%20-%20Foto%20Laptop/IMG_3381_Phesona%20Elok%20Brillya.JPG,https://kemenkeu-my.sharepoint.com/personal/alifia_safira_kemenkeu_go_id/Documents/Alifia%20Faras%20Safira/Sekretariat%20Badan%20-%20Bag.%20Umum%20-%20Subbag.%20BMN/2026/09.%20Inventarisasi%20Laptop%20Pegawai%20(setban)/01.%20Organisasi%20dan%20Kepatuhan%20Internal/BMN_Phesona%20Elok%20Brillya.pdf
85,rsetiadi@kemenkeu.go.id,Probook 430 G7,Rahmat Tri Setiadi,198404012009011004,Bagian Organisasi dan Kepatuhan Internal,Subbagian Tata Laksana,HP,,969,969,,https://kemenkeu-my.sharepoint.com/personal/alifia_safira_kemenkeu_go_id/Documents/Alifia%20Faras%20Safira/Sekretariat%20Badan%20-%20Bag.%20Umum%20-%20Subbag.%20BMN/2026/09.%20Inventarisasi%20Laptop%20Pegawai%20(setban)/01.%20Organisasi%20dan%20Kepatuhan%20Internal/01.%20Organisasi%20dan%20Kepatuhan%20Internal%20-%20Foto%20Laptop/WhatsApp%20Image%202026-05-12%20at%2009.39.09_Rahmat%20Tri%20Setiadi.jpeg; https://kemenkeu-my.sharepoint.com/personal/alifia_safira_kemenkeu_go_id/Documents/Alifia%20Faras%20Safira/Sekretariat%20Badan%20-%20Bag.%20Umum%20-%20Subbag.%20BMN/2026/09.%20Inventarisasi%20Laptop%20Pegawai%20(setban)/01.%20Organisasi%20dan%20Kepatuhan%20Internal/01.%20Organisasi%20dan%20Kepatuhan%20Internal%20-%20Foto%20Laptop/WhatsApp%20Image%202026-05-12%20at%2009.39.09%202_Rahmat%20Tri%20Setiadi.jpeg; https://kemenkeu-my.sharepoint.com/personal/alifia_safira_kemenkeu_go_id/Documents/Alifia%20Faras%20Safira/Sekretariat%20Badan%20-%20Bag.%20Umum%20-%20Subbag.%20BMN/2026/09.%20Inventarisasi%20Laptop%20Pegawai%20(setban)/01.%20Organisasi%20dan%20Kepatuhan%20Internal/01.%20Organisasi%20dan%20Kepatuhan%20Internal%20-%20Foto%20Laptop/WhatsApp%20Image%202026-05-12%20at%2009.39.08_Rahmat%20Tri%20Setiadi.jpeg,https://kemenkeu-my.sharepoint.com/personal/alifia_safira_kemenkeu_go_id/Documents/Alifia%20Faras%20Safira/Sekretariat%20Badan%20-%20Bag.%20Umum%20-%20Subbag.%20BMN/2026/09.%20Inventarisasi%20Laptop%20Pegawai%20(setban)/01.%20Organisasi%20dan%20Kepatuhan%20Internal/Surat%20Pernyataan%20Peminjaman%20BMN%20Laptop_Rahmat%20Tri%20Setiadi.pdf
87,fitri.anggita@kemenkeu.go.id,Probook 430 G7,Fitri Anggita,199104162012101003,Bagian Organisasi dan Kepatuhan Internal,Subbagian Organisasi,HP,,961,961,,https://kemenkeu-my.sharepoint.com/personal/alifia_safira_kemenkeu_go_id/Documents/Alifia%20Faras%20Safira/Sekretariat%20Badan%20-%20Bag.%20Umum%20-%20Subbag.%20BMN/2026/09.%20Inventarisasi%20Laptop%20Pegawai%20(setban)/01.%20Organisasi%20dan%20Kepatuhan%20Internal/01.%20Organisasi%20dan%20Kepatuhan%20Internal%20-%20Foto%20Laptop/1_Fitri%20Anggita.jpeg; https://kemenkeu-my.sharepoint.com/personal/alifia_safira_kemenkeu_go_id/Documents/Alifia%20Faras%20Safira/Sekretariat%20Badan%20-%20Bag.%20Umum%20-%20Subbag.%20BMN/2026/09.%20Inventarisasi%20Laptop%20Pegawai%20(setban)/01.%20Organisasi%20dan%20Kepatuhan%20Internal/01.%20Organisasi%20dan%20Kepatuhan%20Internal%20-%20Foto%20Laptop/2_Fitri%20Anggita.jpeg; https://kemenkeu-my.sharepoint.com/personal/alifia_safira_kemenkeu_go_id/Documents/Alifia%20Faras%20Safira/Sekretariat%20Badan%20-%20Bag.%20Umum%20-%20Subbag.%20BMN/2026/09.%20Inventarisasi%20Laptop%20Pegawai%20(setban)/01.%20Organisasi%20dan%20Kepatuhan%20Internal/01.%20Organisasi%20dan%20Kepatuhan%20Internal%20-%20Foto%20Laptop/3_Fitri%20Anggita.jpeg,https://kemenkeu-my.sharepoint.com/personal/alifia_safira_kemenkeu_go_id/Documents/Alifia%20Faras%20Safira/Sekretariat%20Badan%20-%20Bag.%20Umum%20-%20Subbag.%20BMN/2026/09.%20Inventarisasi%20Laptop%20Pegawai%20(setban)/01.%20Organisasi%20dan%20Kepatuhan%20Internal/Surat%20Pernyataan%20Peminjaman%20BMN%20-%20Fitri%20Anggi_Fitri%20Anggita.pdf
90,syamsul.arifin83@kemenkeu.go.id,Precision 3570-001,Syamsul Arifin,198310042004121001,Bagian Perencanaan dan Keuangan,Subbagian Perbendaharaan II,Dell,,779,779,,https://kemenkeu-my.sharepoint.com/personal/alifia_safira_kemenkeu_go_id/Documents/Alifia%20Faras%20Safira/Sekretariat%20Badan%20-%20Bag.%20Umum%20-%20Subbag.%20BMN/2026/09.%20Inventarisasi%20Laptop%20Pegawai%20(setban)/03.%20Perencanaan%20dan%20Keuangan/03.%20Perencanaan%20dan%20Keuangan%20-%20Foto%20Laptop/WhatsApp%20Image%202026-05-12%20at%2010.05.48%20(2)_Syamsul%20Arifin.jpeg; https://kemenkeu-my.sharepoint.com/personal/alifia_safira_kemenkeu_go_id/Documents/Alifia%20Faras%20Safira/Sekretariat%20Badan%20-%20Bag.%20Umum%20-%20Subbag.%20BMN/2026/09.%20Inventarisasi%20Laptop%20Pegawai%20(setban)/03.%20Perencanaan%20dan%20Keuangan/03.%20Perencanaan%20dan%20Keuangan%20-%20Foto%20Laptop/WhatsApp%20Image%202026-05-12%20at%2010.05.48%20(1)_Syamsul%20Arifin.jpeg; https://kemenkeu-my.sharepoint.com/personal/alifia_safira_kemenkeu_go_id/Documents/Alifia%20Faras%20Safira/Sekretariat%20Badan%20-%20Bag.%20Umum%20-%20Subbag.%20BMN/2026/09.%20Inventarisasi%20Laptop%20Pegawai%20(setban)/03.%20Perencanaan%20dan%20Keuangan/03.%20Perencanaan%20dan%20Keuangan%20-%20Foto%20Laptop/WhatsApp%20Image%202026-05-12%20at%2010.05.48_Syamsul%20Arifin.jpeg,https://kemenkeu-my.sharepoint.com/personal/alifia_safira_kemenkeu_go_id/Documents/Alifia%20Faras%20Safira/Sekretariat%20Badan%20-%20Bag.%20Umum%20-%20Subbag.%20BMN/2026/09.%20Inventarisasi%20Laptop%20Pegawai%20(setban)/03.%20Perencanaan%20dan%20Keuangan/Peminjaman%20BMN%20_SYamsul%20Arifin_Syamsul%20Arifin.pdf
91,kusna.kurniawan@kemenkeu.go.id,ID77,kusna ari kurniawan,198812302010121004,Bagian Perencanaan dan Keuangan,Subbagian Perbendaharaan I,iCherry,,948,948,,https://kemenkeu-my.sharepoint.com/personal/alifia_safira_kemenkeu_go_id/Documents/Alifia%20Faras%20Safira/Sekretariat%20Badan%20-%20Bag.%20Umum%20-%20Subbag.%20BMN/2026/09.%20Inventarisasi%20Laptop%20Pegawai%20(setban)/03.%20Perencanaan%20dan%20Keuangan/03.%20Perencanaan%20dan%20Keuangan%20-%20Foto%20Laptop/WhatsApp%20Image%202026-05-12%20at%2009.58.32_Kusna%20Ari%20Kurniawan.jpeg; https://kemenkeu-my.sharepoint.com/personal/alifia_safira_kemenkeu_go_id/Documents/Alifia%20Faras%20Safira/Sekretariat%20Badan%20-%20Bag.%20Umum%20-%20Subbag.%20BMN/2026/09.%20Inventarisasi%20Laptop%20Pegawai%20(setban)/03.%20Perencanaan%20dan%20Keuangan/03.%20Perencanaan%20dan%20Keuangan%20-%20Foto%20Laptop/WhatsApp%20Image%202026-05-12%20at%2009.58.31%20(1)_Kusna%20Ari%20Kurniawan.jpeg; https://kemenkeu-my.sharepoint.com/personal/alifia_safira_kemenkeu_go_id/Documents/Alifia%20Faras%20Safira/Sekretariat%20Badan%20-%20Bag.%20Umum%20-%20Subbag.%20BMN/2026/09.%20Inventarisasi%20Laptop%20Pegawai%20(setban)/03.%20Perencanaan%20dan%20Keuangan/03.%20Perencanaan%20dan%20Keuangan%20-%20Foto%20Laptop/WhatsApp%20Image%202026-05-12%20at%2009.58.31_Kusna%20Ari%20Kurniawan.jpeg,https://kemenkeu-my.sharepoint.com/personal/alifia_safira_kemenkeu_go_id/Documents/Alifia%20Faras%20Safira/Sekretariat%20Badan%20-%20Bag.%20Umum%20-%20Subbag.%20BMN/2026/09.%20Inventarisasi%20Laptop%20Pegawai%20(setban)/03.%20Perencanaan%20dan%20Keuangan/Surat%20Pernyataan%20Peminjaman%20BMN%20Kusna%20DS_Kusna%20Ari%20Kurniawan.pdf
92,timothy.kurniawan@kemenkeu.go.id,Precision 3570-001,Timothy Yossi Kurniawan,199609062019021002,Bagian Umum,Subbagian Tata Usaha,Dell,,773,773,,https://kemenkeu-my.sharepoint.com/personal/alifia_safira_kemenkeu_go_id/Documents/Alifia%20Faras%20Safira/Sekretariat%20Badan%20-%20Bag.%20Umum%20-%20Subbag.%20BMN/2026/09.%20Inventarisasi%20Laptop%20Pegawai%20(setban)/05.%20Umum/05.%20Umum%20-%20Foto%20Laptop/3_Timothy%20Yossi%20Kurnia.jpeg; https://kemenkeu-my.sharepoint.com/personal/alifia_safira_kemenkeu_go_id/Documents/Alifia%20Faras%20Safira/Sekretariat%20Badan%20-%20Bag.%20Umum%20-%20Subbag.%20BMN/2026/09.%20Inventarisasi%20Laptop%20Pegawai%20(setban)/05.%20Umum/05.%20Umum%20-%20Foto%20Laptop/2_Timothy%20Yossi%20Kurnia.jpeg; https://kemenkeu-my.sharepoint.com/personal/alifia_safira_kemenkeu_go_id/Documents/Alifia%20Faras%20Safira/Sekretariat%20Badan%20-%20Bag.%20Umum%20-%20Subbag.%20BMN/2026/09.%20Inventarisasi%20Laptop%20Pegawai%20(setban)/05.%20Umum/05.%20Umum%20-%20Foto%20Laptop/1_Timothy%20Yossi%20Kurnia.jpeg,https://kemenkeu-my.sharepoint.com/personal/alifia_safira_kemenkeu_go_id/Documents/Alifia%20Faras%20Safira/Sekretariat%20Badan%20-%20Bag.%20Umum%20-%20Subbag.%20BMN/2026/09.%20Inventarisasi%20Laptop%20Pegawai%20(setban)/05.%20Umum/Surat%20Pernyataan%20Peminjaman%20BMN-Timothy%20Yossi_Timothy%20Yossi%20Kurnia.pdf
94,ester.sulistina@kemenkeu.go.id,IP5,Ester Sulistina,198902052010122002,"Bagian Manajemen Pengetahuan, Komunikasi, dan Kerja Sama","Subbagian Komunikasi, Layanan Informasi, dan Kerja Sama",Lenovo,,997,997,,"https://kemenkeu-my.sharepoint.com/personal/alifia_safira_kemenkeu_go_id/Documents/Alifia%20Faras%20Safira/Sekretariat%20Badan%20-%20Bag.%20Umum%20-%20Subbag.%20BMN/2026/09.%20Inventarisasi%20Laptop%20Pegawai%20(setban)/04.%20Manajemen%20Pengetahuan,%20Komunikasi,%20dan%20Kerja%20Sama/04.%20Manajemen%20Pengetahuan,%20Komunikasi,%20dan%20Kerja%20Sama%20-%20Foto%20Laptop/WhatsApp%20Image%202026-05-12%20at%2010.08.11%20AM%20(1)_Ester%20Sulistina.jpeg; https://kemenkeu-my.sharepoint.com/personal/alifia_safira_kemenkeu_go_id/Documents/Alifia%20Faras%20Safira/Sekretariat%20Badan%20-%20Bag.%20Umum%20-%20Subbag.%20BMN/2026/09.%20Inventarisasi%20Laptop%20Pegawai%20(setban)/04.%20Manajemen%20Pengetahuan,%20Komunikasi,%20dan%20Kerja%20Sama/04.%20Manajemen%20Pengetahuan,%20Komunikasi,%20dan%20Kerja%20Sama%20-%20Foto%20Laptop/WhatsApp%20Image%202026-05-12%20at%2010.08.11%20AM_Ester%20Sulistina.jpeg; https://kemenkeu-my.sharepoint.com/personal/alifia_safira_kemenkeu_go_id/Documents/Alifia%20Faras%20Safira/Sekretariat%20Badan%20-%20Bag.%20Umum%20-%20Subbag.%20BMN/2026/09.%20Inventarisasi%20Laptop%20Pegawai%20(setban)/04.%20Manajemen%20Pengetahuan,%20Komunikasi,%20dan%20Kerja%20Sama/04.%20Manajemen%20Pengetahuan,%20Komunikasi,%20dan%20Kerja%20Sama%20-%20Foto%20Laptop/WhatsApp%20Image%202026-05-12%20at%2010.08.12%20AM_Ester%20Sulistina.jpeg","https://kemenkeu-my.sharepoint.com/personal/alifia_safira_kemenkeu_go_id/Documents/Alifia%20Faras%20Safira/Sekretariat%20Badan%20-%20Bag.%20Umum%20-%20Subbag.%20BMN/2026/09.%20Inventarisasi%20Laptop%20Pegawai%20(setban)/04.%20Manajemen%20Pengetahuan,%20Komunikasi,%20dan%20Kerja%20Sama/Pernyataan%20Peminjaman%20BMN%20Ester%20Sulistina_Ester%20Sulistina.pdf"
95,augustsilaban@kemenkeu.go.id,F1 D14 DN50 5C,august yehezkiel silaban,198808272009121002,Bagian Umum,Subbagian Tata Usaha,DAC,,1132,1132,,https://kemenkeu-my.sharepoint.com/personal/alifia_safira_kemenkeu_go_id/Documents/Alifia%20Faras%20Safira/Sekretariat%20Badan%20-%20Bag.%20Umum%20-%20Subbag.%20BMN/2026/09.%20Inventarisasi%20Laptop%20Pegawai%20(setban)/05.%20Umum/05.%20Umum%20-%20Foto%20Laptop/bawah_August%20Yehezkiel%20Sil.jpeg; https://kemenkeu-my.sharepoint.com/personal/alifia_safira_kemenkeu_go_id/Documents/Alifia%20Faras%20Safira/Sekretariat%20Badan%20-%20Bag.%20Umum%20-%20Subbag.%20BMN/2026/09.%20Inventarisasi%20Laptop%20Pegawai%20(setban)/05.%20Umum/05.%20Umum%20-%20Foto%20Laptop/belakang_August%20Yehezkiel%20Sil.jpeg; https://kemenkeu-my.sharepoint.com/personal/alifia_safira_kemenkeu_go_id/Documents/Alifia%20Faras%20Safira/Sekretariat%20Badan%20-%20Bag.%20Umum%20-%20Subbag.%20BMN/2026/09.%20Inventarisasi%20Laptop%20Pegawai%20(setban)/05.%20Umum/05.%20Umum%20-%20Foto%20Laptop/depan_August%20Yehezkiel%20Sil.jpeg,https://kemenkeu-my.sharepoint.com/personal/alifia_safira_kemenkeu_go_id/Documents/Alifia%20Faras%20Safira/Sekretariat%20Badan%20-%20Bag.%20Umum%20-%20Subbag.%20BMN/2026/09.%20Inventarisasi%20Laptop%20Pegawai%20(setban)/05.%20Umum/Surat%20Pernyataan%20Peminjaman%20BMN%20tte_August%20Yehezkiel%20Sil.pdf
96,bilqis.nurul@kemenkeu.go.id,Precision 3570-001,Bilqis Syahidah Nurul Ichsani,199612072019022003,"Bagian Manajemen Pengetahuan, Komunikasi, dan Kerja Sama",Subbagian Manajemen Pengetahuan,Dell,,768,768,,"https://kemenkeu-my.sharepoint.com/personal/alifia_safira_kemenkeu_go_id/Documents/Alifia%20Faras%20Safira/Sekretariat%20Badan%20-%20Bag.%20Umum%20-%20Subbag.%20BMN/2026/09.%20Inventarisasi%20Laptop%20Pegawai%20(setban)/04.%20Manajemen%20Pengetahuan,%20Komunikasi,%20dan%20Kerja%20Sama/04.%20Manajemen%20Pengetahuan,%20Komunikasi,%20dan%20Kerja%20Sama%20-%20Foto%20Laptop/WhatsApp%20Image%202026-05-12%20at%2009.52.33_Bilqis%20Syahidah%20Nuru.jpeg; https://kemenkeu-my.sharepoint.com/personal/alifia_safira_kemenkeu_go_id/Documents/Alifia%20Faras%20Safira/Sekretariat%20Badan%20-%20Bag.%20Umum%20-%20Subbag.%20BMN/2026/09.%20Inventarisasi%20Laptop%20Pegawai%20(setban)/04.%20Manajemen%20Pengetahuan,%20Komunikasi,%20dan%20Kerja%20Sama/04.%20Manajemen%20Pengetahuan,%20Komunikasi,%20dan%20Kerja%20Sama%20-%20Foto%20Laptop/WhatsApp%20Image%202026-05-12%20at%2009.52.32(1)_Bilqis%20Syahidah%20Nuru.jpeg; https://kemenkeu-my.sharepoint.com/personal/alifia_safira_kemenkeu_go_id/Documents/Alifia%20Faras%20Safira/Sekretariat%20Badan%20-%20Bag.%20Umum%20-%20Subbag.%20BMN/2026/09.%20Inventarisasi%20Laptop%20Pegawai%20(setban)/04.%20Manajemen%20Pengetahuan,%20Komunikasi,%20dan%20Kerja%20Sama/04.%20Manajemen%20Pengetahuan,%20Komunikasi,%20dan%20Kerja%20Sama%20-%20Foto%20Laptop/WhatsApp%20Image%202026-05-12%20at%2009.52.32_Bilqis%20Syahidah%20Nuru.jpeg","https://kemenkeu-my.sharepoint.com/personal/alifia_safira_kemenkeu_go_id/Documents/Alifia%20Faras%20Safira/Sekretariat%20Badan%20-%20Bag.%20Umum%20-%20Subbag.%20BMN/2026/09.%20Inventarisasi%20Laptop%20Pegawai%20(setban)/04.%20Manajemen%20Pengetahuan,%20Komunikasi,%20dan%20Kerja%20Sama/Surat%20Peminjaman%20BMN_Bilqis%20Syahidah%20Nuru.pdf"
97,ria.shaintisia@kemenkeu.go.id,F1 D14 DN50 5C,Ria Shaintisia Pertiwi,198902082010122002,Bagian Perencanaan dan Keuangan,Subbagian Akuntansi dan Pelaporan Keuangan,DAC,,1165,1165,,https://kemenkeu-my.sharepoint.com/personal/alifia_safira_kemenkeu_go_id/Documents/Alifia%20Faras%20Safira/Sekretariat%20Badan%20-%20Bag.%20Umum%20-%20Subbag.%20BMN/2026/09.%20Inventarisasi%20Laptop%20Pegawai%20(setban)/03.%20Perencanaan%20dan%20Keuangan/03.%20Perencanaan%20dan%20Keuangan%20-%20Foto%20Laptop/WhatsApp%20Image%202026-05-12%20at%2009.45.14_Ria%20Shaintisia%20Perti.jpeg; https://kemenkeu-my.sharepoint.com/personal/alifia_safira_kemenkeu_go_id/Documents/Alifia%20Faras%20Safira/Sekretariat%20Badan%20-%20Bag.%20Umum%20-%20Subbag.%20BMN/2026/09.%20Inventarisasi%20Laptop%20Pegawai%20(setban)/03.%20Perencanaan%20dan%20Keuangan/03.%20Perencanaan%20dan%20Keuangan%20-%20Foto%20Laptop/WhatsApp%20Image%202026-05-12%20at%2009.45.14%20(2)_Ria%20Shaintisia%20Perti.jpeg; https://kemenkeu-my.sharepoint.com/personal/alifia_safira_kemenkeu_go_id/Documents/Alifia%20Faras%20Safira/Sekretariat%20Badan%20-%20Bag.%20Umum%20-%20Subbag.%20BMN/2026/09.%20Inventarisasi%20Laptop%20Pegawai%20(setban)/03.%20Perencanaan%20dan%20Keuangan/03.%20Perencanaan%20dan%20Keuangan%20-%20Foto%20Laptop/WhatsApp%20Image%202026-05-12%20at%2009.45.14%20(1)_Ria%20Shaintisia%20Perti.jpeg,https://kemenkeu-my.sharepoint.com/personal/alifia_safira_kemenkeu_go_id/Documents/Alifia%20Faras%20Safira/Sekretariat%20Badan%20-%20Bag.%20Umum%20-%20Subbag.%20BMN/2026/09.%20Inventarisasi%20Laptop%20Pegawai%20(setban)/03.%20Perencanaan%20dan%20Keuangan/Surat%20Peminjaman%20BMN_Ria%20Shaintisia%20Perti.pdf
98,pnuel.perdana@kemenkeu.go.id,Macbook Pro,Pnuel Sukma Perdana,198906082010121002,"Bagian Manajemen Pengetahuan, Komunikasi, dan Kerja Sama",Subbagian Analisis Data Pembelajaran,Apple,,,,,"https://kemenkeu-my.sharepoint.com/personal/alifia_safira_kemenkeu_go_id/Documents/Alifia%20Faras%20Safira/Sekretariat%20Badan%20-%20Bag.%20Umum%20-%20Subbag.%20BMN/2026/09.%20Inventarisasi%20Laptop%20Pegawai%20(setban)/04.%20Manajemen%20Pengetahuan,%20Komunikasi,%20dan%20Kerja%20Sama/04.%20Manajemen%20Pengetahuan,%20Komunikasi,%20dan%20Kerja%20Sama%20-%20Foto%20Laptop/WhatsApp%20Image%202026-05-12%20at%2010.11.08%20(1)_Pnuel%20Sukma%20Perdana.jpeg; https://kemenkeu-my.sharepoint.com/personal/alifia_safira_kemenkeu_go_id/Documents/Alifia%20Faras%20Safira/Sekretariat%20Badan%20-%20Bag.%20Umum%20-%20Subbag.%20BMN/2026/09.%20Inventarisasi%20Laptop%20Pegawai%20(setban)/04.%20Manajemen%20Pengetahuan,%20Komunikasi,%20dan%20Kerja%20Sama/04.%20Manajemen%20Pengetahuan,%20Komunikasi,%20dan%20Kerja%20Sama%20-%20Foto%20Laptop/WhatsApp%20Image%202026-05-12%20at%2010.11.07_Pnuel%20Sukma%20Perdana.jpeg; https://kemenkeu-my.sharepoint.com/personal/alifia_safira_kemenkeu_go_id/Documents/Alifia%20Faras%20Safira/Sekretariat%20Badan%20-%20Bag.%20Umum%20-%20Subbag.%20BMN/2026/09.%20Inventarisasi%20Laptop%20Pegawai%20(setban)/04.%20Manajemen%20Pengetahuan,%20Komunikasi,%20dan%20Kerja%20Sama/04.%20Manajemen%20Pengetahuan,%20Komunikasi,%20dan%20Kerja%20Sama%20-%20Foto%20Laptop/WhatsApp%20Image%202026-05-12%20at%2010.11.08_Pnuel%20Sukma%20Perdana.jpeg","https://kemenkeu-my.sharepoint.com/personal/alifia_safira_kemenkeu_go_id/Documents/Alifia%20Faras%20Safira/Sekretariat%20Badan%20-%20Bag.%20Umum%20-%20Subbag.%20BMN/2026/09.%20Inventarisasi%20Laptop%20Pegawai%20(setban)/04.%20Manajemen%20Pengetahuan,%20Komunikasi,%20dan%20Kerja%20Sama/Surat%20Pernyataan%20Peminjaman%20BMN_Pnuel%20Sukma%20Perdana.pdf"
99,irwan.effendi@kemenkeu.go.id,F1 D14 DN50 5C,Irwan Harisman Effendi,198803302007101001,Bagian Organisasi dan Kepatuhan Internal,Subbagian Organisasi,DAC,,1144,1144,,https://kemenkeu-my.sharepoint.com/personal/alifia_safira_kemenkeu_go_id/Documents/Alifia%20Faras%20Safira/Sekretariat%20Badan%20-%20Bag.%20Umum%20-%20Subbag.%20BMN/2026/09.%20Inventarisasi%20Laptop%20Pegawai%20(setban)/01.%20Organisasi%20dan%20Kepatuhan%20Internal/01.%20Organisasi%20dan%20Kepatuhan%20Internal%20-%20Foto%20Laptop/depan_Irwan%20Harisman%20Effen.jpeg; https://kemenkeu-my.sharepoint.com/personal/alifia_safira_kemenkeu_go_id/Documents/Alifia%20Faras%20Safira/Sekretariat%20Badan%20-%20Bag.%20Umum%20-%20Subbag.%20BMN/2026/09.%20Inventarisasi%20Laptop%20Pegawai%20(setban)/01.%20Organisasi%20dan%20Kepatuhan%20Internal/01.%20Organisasi%20dan%20Kepatuhan%20Internal%20-%20Foto%20Laptop/atas_Irwan%20Harisman%20Effen.jpeg; https://kemenkeu-my.sharepoint.com/personal/alifia_safira_kemenkeu_go_id/Documents/Alifia%20Faras%20Safira/Sekretariat%20Badan%20-%20Bag.%20Umum%20-%20Subbag.%20BMN/2026/09.%20Inventarisasi%20Laptop%20Pegawai%20(setban)/01.%20Organisasi%20dan%20Kepatuhan%20Internal/01.%20Organisasi%20dan%20Kepatuhan%20Internal%20-%20Foto%20Laptop/belakang_Irwan%20Harisman%20Effen.jpeg,https://kemenkeu-my.sharepoint.com/personal/alifia_safira_kemenkeu_go_id/Documents/Alifia%20Faras%20Safira/Sekretariat%20Badan%20-%20Bag.%20Umum%20-%20Subbag.%20BMN/2026/09.%20Inventarisasi%20Laptop%20Pegawai%20(setban)/01.%20Organisasi%20dan%20Kepatuhan%20Internal/Surat%20Peminjaman%20BMN%20Irwan%20Harisman%20Effendi%20D_Irwan%20Harisman%20Effen.pdf
101,harisnb@kemenkeu.go.id,XPS 13 9305,Haris Nur Bambang,198501072009011011,"Bagian Manajemen Pengetahuan, Komunikasi, dan Kerja Sama","Subbagian Komunikasi, Layanan Informasi, dan Kerja Sama",Dell,,707,707,"Microsoft Surface Pro 4, Laptop/Tab, NUP: -","https://kemenkeu-my.sharepoint.com/personal/alifia_safira_kemenkeu_go_id/Documents/Alifia%20Faras%20Safira/Sekretariat%20Badan%20-%20Bag.%20Umum%20-%20Subbag.%20BMN/2026/09.%20Inventarisasi%20Laptop%20Pegawai%20(setban)/04.%20Manajemen%20Pengetahuan,%20Komunikasi,%20dan%20Kerja%20Sama/04.%20Manajemen%20Pengetahuan,%20Komunikasi,%20dan%20Kerja%20Sama%20-%20Foto%20Laptop/Dell%201_Haris%20Nur%20Bambang.jpeg; https://kemenkeu-my.sharepoint.com/personal/alifia_safira_kemenkeu_go_id/Documents/Alifia%20Faras%20Safira/Sekretariat%20Badan%20-%20Bag.%20Umum%20-%20Subbag.%20BMN/2026/09.%20Inventarisasi%20Laptop%20Pegawai%20(setban)/04.%20Manajemen%20Pengetahuan,%20Komunikasi,%20dan%20Kerja%20Sama/04.%20Manajemen%20Pengetahuan,%20Komunikasi,%20dan%20Kerja%20Sama%20-%20Foto%20Laptop/Dell%202_Haris%20Nur%20Bambang.jpeg; https://kemenkeu-my.sharepoint.com/personal/alifia_safira_kemenkeu_go_id/Documents/Alifia%20Faras%20Safira/Sekretariat%20Badan%20-%20Bag.%20Umum%20-%20Subbag.%20BMN/2026/09.%20Inventarisasi%20Laptop%20Pegawai%20(setban)/04.%20Manajemen%20Pengetahuan,%20Komunikasi,%20dan%20Kerja%20Sama/04.%20Manajemen%20Pengetahuan,%20Komunikasi,%20dan%20Kerja%20Sama%20-%20Foto%20Laptop/Dell%203_Haris%20Nur%20Bambang.jpeg; https://kemenkeu-my.sharepoint.com/personal/alifia_safira_kemenkeu_go_id/Documents/Alifia%20Faras%20Safira/Sekretariat%20Badan%20-%20Bag.%20Umum%20-%20Subbag.%20BMN/2026/09.%20Inventarisasi%20Laptop%20Pegawai%20(setban)/04.%20Manajemen%20Pengetahuan,%20Komunikasi,%20dan%20Kerja%20Sama/04.%20Manajemen%20Pengetahuan,%20Komunikasi,%20dan%20Kerja%20Sama%20-%20Foto%20Laptop/Surface%203_Haris%20Nur%20Bambang.jpeg; https://kemenkeu-my.sharepoint.com/personal/alifia_safira_kemenkeu_go_id/Documents/Alifia%20Faras%20Safira/Sekretariat%20Badan%20-%20Bag.%20Umum%20-%20Subbag.%20BMN/2026/09.%20Inventarisasi%20Laptop%20Pegawai%20(setban)/04.%20Manajemen%20Pengetahuan,%20Komunikasi,%20dan%20Kerja%20Sama/04.%20Manajemen%20Pengetahuan,%20Komunikasi,%20dan%20Kerja%20Sama%20-%20Foto%20Laptop/Surface%202_Haris%20Nur%20Bambang.jpeg; https://kemenkeu-my.sharepoint.com/personal/alifia_safira_kemenkeu_go_id/Documents/Alifia%20Faras%20Safira/Sekretariat%20Badan%20-%20Bag.%20Umum%20-%20Subbag.%20BMN/2026/09.%20Inventarisasi%20Laptop%20Pegawai%20(setban)/04.%20Manajemen%20Pengetahuan,%20Komunikasi,%20dan%20Kerja%20Sama/04.%20Manajemen%20Pengetahuan,%20Komunikasi,%20dan%20Kerja%20Sama%20-%20Foto%20Laptop/Surface%201_Haris%20Nur%20Bambang.jpeg","https://kemenkeu-my.sharepoint.com/personal/alifia_safira_kemenkeu_go_id/Documents/Alifia%20Faras%20Safira/Sekretariat%20Badan%20-%20Bag.%20Umum%20-%20Subbag.%20BMN/2026/09.%20Inventarisasi%20Laptop%20Pegawai%20(setban)/04.%20Manajemen%20Pengetahuan,%20Komunikasi,%20dan%20Kerja%20Sama/Surat%20Pernyataan%20Peminjaman%20BMN%20-%20Haris%20NB_Haris%20Nur%20Bambang.pdf"
102,pradina.anis@kemenkeu.go.id,F1 D14 DN50 5C,Pradina Anis Herginingtyas,199810312019122001,"Bagian Manajemen Pengetahuan, Komunikasi, dan Kerja Sama",Subbagian Manajemen Pengetahuan,DAC,,1161,1161,,"https://kemenkeu-my.sharepoint.com/personal/alifia_safira_kemenkeu_go_id/Documents/Alifia%20Faras%20Safira/Sekretariat%20Badan%20-%20Bag.%20Umum%20-%20Subbag.%20BMN/2026/09.%20Inventarisasi%20Laptop%20Pegawai%20(setban)/04.%20Manajemen%20Pengetahuan,%20Komunikasi,%20dan%20Kerja%20Sama/04.%20Manajemen%20Pengetahuan,%20Komunikasi,%20dan%20Kerja%20Sama%20-%20Foto%20Laptop/WhatsApp%20Image%202026-05-12%20at%2010.19.17_Pradina%20Anis.jpeg; https://kemenkeu-my.sharepoint.com/personal/alifia_safira_kemenkeu_go_id/Documents/Alifia%20Faras%20Safira/Sekretariat%20Badan%20-%20Bag.%20Umum%20-%20Subbag.%20BMN/2026/09.%20Inventarisasi%20Laptop%20Pegawai%20(setban)/04.%20Manajemen%20Pengetahuan,%20Komunikasi,%20dan%20Kerja%20Sama/04.%20Manajemen%20Pengetahuan,%20Komunikasi,%20dan%20Kerja%20Sama%20-%20Foto%20Laptop/WhatsApp%20Image%202026-05-12%20at%2010.19.18%20(1)_Pradina%20Anis.jpeg; https://kemenkeu-my.sharepoint.com/personal/alifia_safira_kemenkeu_go_id/Documents/Alifia%20Faras%20Safira/Sekretariat%20Badan%20-%20Bag.%20Umum%20-%20Subbag.%20BMN/2026/09.%20Inventarisasi%20Laptop%20Pegawai%20(setban)/04.%20Manajemen%20Pengetahuan,%20Komunikasi,%20dan%20Kerja%20Sama/04.%20Manajemen%20Pengetahuan,%20Komunikasi,%20dan%20Kerja%20Sama%20-%20Foto%20Laptop/WhatsApp%20Image%202026-05-12%20at%2010.19.18_Pradina%20Anis.jpeg","https://kemenkeu-my.sharepoint.com/personal/alifia_safira_kemenkeu_go_id/Documents/Alifia%20Faras%20Safira/Sekretariat%20Badan%20-%20Bag.%20Umum%20-%20Subbag.%20BMN/2026/09.%20Inventarisasi%20Laptop%20Pegawai%20(setban)/04.%20Manajemen%20Pengetahuan,%20Komunikasi,%20dan%20Kerja%20Sama/Surat%20Peminjaman%20BMN_Pradina%20Anis.pdf"
103,sapto.hargi@kemenkeu.go.id,F1 D14 DN50 5C,Ninin Sapto Hargiyanto,198607202007011001,"Bagian Manajemen Pengetahuan, Komunikasi, dan Kerja Sama",Subbagian Analisis Data Pembelajaran,DAC,,1157,1157,,"https://kemenkeu-my.sharepoint.com/personal/alifia_safira_kemenkeu_go_id/Documents/Alifia%20Faras%20Safira/Sekretariat%20Badan%20-%20Bag.%20Umum%20-%20Subbag.%20BMN/2026/09.%20Inventarisasi%20Laptop%20Pegawai%20(setban)/04.%20Manajemen%20Pengetahuan,%20Komunikasi,%20dan%20Kerja%20Sama/04.%20Manajemen%20Pengetahuan,%20Komunikasi,%20dan%20Kerja%20Sama%20-%20Foto%20Laptop/WhatsApp%20Image%202026-05-12%20at%2010.02.49%20(1)_Ninin%20Sapto%20Hargiyan.jpeg; https://kemenkeu-my.sharepoint.com/personal/alifia_safira_kemenkeu_go_id/Documents/Alifia%20Faras%20Safira/Sekretariat%20Badan%20-%20Bag.%20Umum%20-%20Subbag.%20BMN/2026/09.%20Inventarisasi%20Laptop%20Pegawai%20(setban)/04.%20Manajemen%20Pengetahuan,%20Komunikasi,%20dan%20Kerja%20Sama/04.%20Manajemen%20Pengetahuan,%20Komunikasi,%20dan%20Kerja%20Sama%20-%20Foto%20Laptop/WhatsApp%20Image%202026-05-12%20at%2010.02.49_Ninin%20Sapto%20Hargiyan.jpeg","https://kemenkeu-my.sharepoint.com/personal/alifia_safira_kemenkeu_go_id/Documents/Alifia%20Faras%20Safira/Sekretariat%20Badan%20-%20Bag.%20Umum%20-%20Subbag.%20BMN/2026/09.%20Inventarisasi%20Laptop%20Pegawai%20(setban)/04.%20Manajemen%20Pengetahuan,%20Komunikasi,%20dan%20Kerja%20Sama/Pernyataan%20Peminjaman%20BMN_Ninin%20Sapto%20Hargiyan.pdf"
104,udiandoro@kemenkeu.go.id,ID77,Udi Andoro,197401291998031001,Bagian Umum,Subbagian Rumah Tangga,iCherry,,947,947,,https://kemenkeu-my.sharepoint.com/personal/alifia_safira_kemenkeu_go_id/Documents/Alifia%20Faras%20Safira/Sekretariat%20Badan%20-%20Bag.%20Umum%20-%20Subbag.%20BMN/2026/09.%20Inventarisasi%20Laptop%20Pegawai%20(setban)/05.%20Umum/05.%20Umum%20-%20Foto%20Laptop/WhatsApp%20Image%202026-05-12%20at%2010.02.22_Udi%20Andoro.jpeg,https://kemenkeu-my.sharepoint.com/personal/alifia_safira_kemenkeu_go_id/Documents/Alifia%20Faras%20Safira/Sekretariat%20Badan%20-%20Bag.%20Umum%20-%20Subbag.%20BMN/2026/09.%20Inventarisasi%20Laptop%20Pegawai%20(setban)/05.%20Umum/Surat%20Pernyataan%20Peminjaman%20BMN%20(1)_Udi%20Andoro.pdf
105,bambangbp@kemenkeu.go.id,Prelude Backpack 15.6,Bambang Belani Pradana,198906162008121001,Bagian Umum,Subbagian Pengelolaan Barang Milik Negara,HP,,720,720,,https://kemenkeu-my.sharepoint.com/personal/alifia_safira_kemenkeu_go_id/Documents/Alifia%20Faras%20Safira/Sekretariat%20Badan%20-%20Bag.%20Umum%20-%20Subbag.%20BMN/2026/09.%20Inventarisasi%20Laptop%20Pegawai%20(setban)/05.%20Umum/05.%20Umum%20-%20Foto%20Laptop/atas_Bambang%20Belani%20Prada.jpg; https://kemenkeu-my.sharepoint.com/personal/alifia_safira_kemenkeu_go_id/Documents/Alifia%20Faras%20Safira/Sekretariat%20Badan%20-%20Bag.%20Umum%20-%20Subbag.%20BMN/2026/09.%20Inventarisasi%20Laptop%20Pegawai%20(setban)/05.%20Umum/05.%20Umum%20-%20Foto%20Laptop/bawah_Bambang%20Belani%20Prada.jpg; https://kemenkeu-my.sharepoint.com/personal/alifia_safira_kemenkeu_go_id/Documents/Alifia%20Faras%20Safira/Sekretariat%20Badan%20-%20Bag.%20Umum%20-%20Subbag.%20BMN/2026/09.%20Inventarisasi%20Laptop%20Pegawai%20(setban)/05.%20Umum/05.%20Umum%20-%20Foto%20Laptop/depan_Bambang%20Belani%20Prada.jpg,https://kemenkeu-my.sharepoint.com/personal/alifia_safira_kemenkeu_go_id/Documents/Alifia%20Faras%20Safira/Sekretariat%20Badan%20-%20Bag.%20Umum%20-%20Subbag.%20BMN/2026/09.%20Inventarisasi%20Laptop%20Pegawai%20(setban)/05.%20Umum/surat%20pernyataan%20pinjam%20BMN%20bbp_Bambang%20Belani%20Prada.pdf
106,suryadi@kemenkeu.go.id,,Suryadi,198505222009011004,Bagian Perencanaan dan Keuangan,Subbagian Akuntansi dan Pelaporan Keuangan,Dell,,,,,https://kemenkeu-my.sharepoint.com/personal/alifia_safira_kemenkeu_go_id/Documents/Alifia%20Faras%20Safira/Sekretariat%20Badan%20-%20Bag.%20Umum%20-%20Subbag.%20BMN/2026/09.%20Inventarisasi%20Laptop%20Pegawai%20(setban)/03.%20Perencanaan%20dan%20Keuangan/03.%20Perencanaan%20dan%20Keuangan%20-%20Foto%20Laptop/laptop_Suryadi%20-.png,https://kemenkeu-my.sharepoint.com/personal/alifia_safira_kemenkeu_go_id/Documents/Alifia%20Faras%20Safira/Sekretariat%20Badan%20-%20Bag.%20Umum%20-%20Subbag.%20BMN/2026/09.%20Inventarisasi%20Laptop%20Pegawai%20(setban)/03.%20Perencanaan%20dan%20Keuangan/peminjaman%20bmn%20suryadi%20ds_Suryadi%20-.pdf
107,alam.nurfalah@kemenkeu.go.id,F1 D14 DN50 5C,Alam Septa Nurfalah,198709112008121001,Bagian Organisasi dan Kepatuhan Internal,Subbagian Hukum dan Kepatuhan Internal,DAC,,1128,1128,,https://kemenkeu-my.sharepoint.com/personal/alifia_safira_kemenkeu_go_id/Documents/Alifia%20Faras%20Safira/Sekretariat%20Badan%20-%20Bag.%20Umum%20-%20Subbag.%20BMN/2026/09.%20Inventarisasi%20Laptop%20Pegawai%20(setban)/01.%20Organisasi%20dan%20Kepatuhan%20Internal/01.%20Organisasi%20dan%20Kepatuhan%20Internal%20-%20Foto%20Laptop/laptop3_Alam%20Septa%20Nurfalah.jpg; https://kemenkeu-my.sharepoint.com/personal/alifia_safira_kemenkeu_go_id/Documents/Alifia%20Faras%20Safira/Sekretariat%20Badan%20-%20Bag.%20Umum%20-%20Subbag.%20BMN/2026/09.%20Inventarisasi%20Laptop%20Pegawai%20(setban)/01.%20Organisasi%20dan%20Kepatuhan%20Internal/01.%20Organisasi%20dan%20Kepatuhan%20Internal%20-%20Foto%20Laptop/laptop2_Alam%20Septa%20Nurfalah.jpg; https://kemenkeu-my.sharepoint.com/personal/alifia_safira_kemenkeu_go_id/Documents/Alifia%20Faras%20Safira/Sekretariat%20Badan%20-%20Bag.%20Umum%20-%20Subbag.%20BMN/2026/09.%20Inventarisasi%20Laptop%20Pegawai%20(setban)/01.%20Organisasi%20dan%20Kepatuhan%20Internal/01.%20Organisasi%20dan%20Kepatuhan%20Internal%20-%20Foto%20Laptop/laptop1_Alam%20Septa%20Nurfalah.jpg,https://kemenkeu-my.sharepoint.com/personal/alifia_safira_kemenkeu_go_id/Documents/Alifia%20Faras%20Safira/Sekretariat%20Badan%20-%20Bag.%20Umum%20-%20Subbag.%20BMN/2026/09.%20Inventarisasi%20Laptop%20Pegawai%20(setban)/01.%20Organisasi%20dan%20Kepatuhan%20Internal/laptop_Alam%20Septa%20Nurfalah.pdf
108,rohmatsholihin@kemenkeu.go.id,ID77,Rohmat Sholihin,198608082007011004,Bagian Umum,Subbagian Rumah Tangga,iCherry,,940,940,,https://kemenkeu-my.sharepoint.com/personal/alifia_safira_kemenkeu_go_id/Documents/Alifia%20Faras%20Safira/Sekretariat%20Badan%20-%20Bag.%20Umum%20-%20Subbag.%20BMN/2026/09.%20Inventarisasi%20Laptop%20Pegawai%20(setban)/05.%20Umum/05.%20Umum%20-%20Foto%20Laptop/WhatsApp%20Image%202026-05-12%20at%2010.19.08_Rohmat%20Sholihin.jpeg; https://kemenkeu-my.sharepoint.com/personal/alifia_safira_kemenkeu_go_id/Documents/Alifia%20Faras%20Safira/Sekretariat%20Badan%20-%20Bag.%20Umum%20-%20Subbag.%20BMN/2026/09.%20Inventarisasi%20Laptop%20Pegawai%20(setban)/05.%20Umum/05.%20Umum%20-%20Foto%20Laptop/WhatsApp%20Image%202026-05-12%20at%2010.19.07_Rohmat%20Sholihin.jpeg; https://kemenkeu-my.sharepoint.com/personal/alifia_safira_kemenkeu_go_id/Documents/Alifia%20Faras%20Safira/Sekretariat%20Badan%20-%20Bag.%20Umum%20-%20Subbag.%20BMN/2026/09.%20Inventarisasi%20Laptop%20Pegawai%20(setban)/05.%20Umum/05.%20Umum%20-%20Foto%20Laptop/WhatsApp%20Image%202026-05-12%20at%2010.19.06_Rohmat%20Sholihin.jpeg,https://kemenkeu-my.sharepoint.com/personal/alifia_safira_kemenkeu_go_id/Documents/Alifia%20Faras%20Safira/Sekretariat%20Badan%20-%20Bag.%20Umum%20-%20Subbag.%20BMN/2026/09.%20Inventarisasi%20Laptop%20Pegawai%20(setban)/05.%20Umum/Surat%20Keterangan%20Peminjaman%20BMN%20ttd_Rohmat%20Sholihin.pdf
109,raninto@kemenkeu.go.id,Probook 430 G7,Raninto,198905232014021002,Bagian Sumber Daya Manusia,Subbagian Pengembangan Karier,HP,,963,963,,https://kemenkeu-my.sharepoint.com/personal/alifia_safira_kemenkeu_go_id/Documents/Alifia%20Faras%20Safira/Sekretariat%20Badan%20-%20Bag.%20Umum%20-%20Subbag.%20BMN/2026/09.%20Inventarisasi%20Laptop%20Pegawai%20(setban)/02.%20Sumber%20Daya%20Manusia/02.%20Sumber%20Daya%20Manusia%20-%20Foto%20Laptop/Belakang_Raninto%20-.jpg; https://kemenkeu-my.sharepoint.com/personal/alifia_safira_kemenkeu_go_id/Documents/Alifia%20Faras%20Safira/Sekretariat%20Badan%20-%20Bag.%20Umum%20-%20Subbag.%20BMN/2026/09.%20Inventarisasi%20Laptop%20Pegawai%20(setban)/02.%20Sumber%20Daya%20Manusia/02.%20Sumber%20Daya%20Manusia%20-%20Foto%20Laptop/Atas_Raninto%20-.jpg; https://kemenkeu-my.sharepoint.com/personal/alifia_safira_kemenkeu_go_id/Documents/Alifia%20Faras%20Safira/Sekretariat%20Badan%20-%20Bag.%20Umum%20-%20Subbag.%20BMN/2026/09.%20Inventarisasi%20Laptop%20Pegawai%20(setban)/02.%20Sumber%20Daya%20Manusia/02.%20Sumber%20Daya%20Manusia%20-%20Foto%20Laptop/Depan_Raninto%20-.jpg,https://kemenkeu-my.sharepoint.com/personal/alifia_safira_kemenkeu_go_id/Documents/Alifia%20Faras%20Safira/Sekretariat%20Badan%20-%20Bag.%20Umum%20-%20Subbag.%20BMN/2026/09.%20Inventarisasi%20Laptop%20Pegawai%20(setban)/02.%20Sumber%20Daya%20Manusia/BA%20Peminjaman%20BMN_Raninto_Raninto%20-.pdf
110,deny.rachman@kemenkeu.go.id,ID77,Deny Rachman Yogi Proyogo,198612202008121003,Bagian Sumber Daya Manusia,Subbagian Pengembangan Karier,iCherry,,952,952,,https://kemenkeu-my.sharepoint.com/personal/alifia_safira_kemenkeu_go_id/Documents/Alifia%20Faras%20Safira/Sekretariat%20Badan%20-%20Bag.%20Umum%20-%20Subbag.%20BMN/2026/09.%20Inventarisasi%20Laptop%20Pegawai%20(setban)/02.%20Sumber%20Daya%20Manusia/02.%20Sumber%20Daya%20Manusia%20-%20Foto%20Laptop/Atas_RACHMAN%20YOGI%20PROYOGO.jpeg; https://kemenkeu-my.sharepoint.com/personal/alifia_safira_kemenkeu_go_id/Documents/Alifia%20Faras%20Safira/Sekretariat%20Badan%20-%20Bag.%20Umum%20-%20Subbag.%20BMN/2026/09.%20Inventarisasi%20Laptop%20Pegawai%20(setban)/02.%20Sumber%20Daya%20Manusia/02.%20Sumber%20Daya%20Manusia%20-%20Foto%20Laptop/Bawah_RACHMAN%20YOGI%20PROYOGO.jpeg; https://kemenkeu-my.sharepoint.com/personal/alifia_safira_kemenkeu_go_id/Documents/Alifia%20Faras%20Safira/Sekretariat%20Badan%20-%20Bag.%20Umum%20-%20Subbag.%20BMN/2026/09.%20Inventarisasi%20Laptop%20Pegawai%20(setban)/02.%20Sumber%20Daya%20Manusia/02.%20Sumber%20Daya%20Manusia%20-%20Foto%20Laptop/Depan_RACHMAN%20YOGI%20PROYOGO.jpeg,https://kemenkeu-my.sharepoint.com/personal/alifia_safira_kemenkeu_go_id/Documents/Alifia%20Faras%20Safira/Sekretariat%20Badan%20-%20Bag.%20Umum%20-%20Subbag.%20BMN/2026/09.%20Inventarisasi%20Laptop%20Pegawai%20(setban)/02.%20Sumber%20Daya%20Manusia/Surat%20Pernyataan%20Peminjaman%20BMN%20-%20Deny%20Rachma_RACHMAN%20YOGI%20PROYOGO.pdf
111,irwan.hermawan@kemenkeu.go.id,F1 D14 DN50 5C,Irwan Hermawan,198502242009011003,Bagian Sumber Daya Manusia,Subbagian Pengembangan Kompetensi,DAC,,1145,1145,,https://kemenkeu-my.sharepoint.com/personal/alifia_safira_kemenkeu_go_id/Documents/Alifia%20Faras%20Safira/Sekretariat%20Badan%20-%20Bag.%20Umum%20-%20Subbag.%20BMN/2026/09.%20Inventarisasi%20Laptop%20Pegawai%20(setban)/02.%20Sumber%20Daya%20Manusia/02.%20Sumber%20Daya%20Manusia%20-%20Foto%20Laptop/WhatsApp%20Image%202026-05-12%20at%2009.51.22_Irwan%20Hermawan.jpeg; https://kemenkeu-my.sharepoint.com/personal/alifia_safira_kemenkeu_go_id/Documents/Alifia%20Faras%20Safira/Sekretariat%20Badan%20-%20Bag.%20Umum%20-%20Subbag.%20BMN/2026/09.%20Inventarisasi%20Laptop%20Pegawai%20(setban)/02.%20Sumber%20Daya%20Manusia/02.%20Sumber%20Daya%20Manusia%20-%20Foto%20Laptop/WhatsApp%20Image%202026-05-12%20at%2009.51.23_Irwan%20Hermawan.jpeg; https://kemenkeu-my.sharepoint.com/personal/alifia_safira_kemenkeu_go_id/Documents/Alifia%20Faras%20Safira/Sekretariat%20Badan%20-%20Bag.%20Umum%20-%20Subbag.%20BMN/2026/09.%20Inventarisasi%20Laptop%20Pegawai%20(setban)/02.%20Sumber%20Daya%20Manusia/02.%20Sumber%20Daya%20Manusia%20-%20Foto%20Laptop/WhatsApp%20Image%202026-05-12%20at%2009.51.24_Irwan%20Hermawan.jpeg,https://kemenkeu-my.sharepoint.com/personal/alifia_safira_kemenkeu_go_id/Documents/Alifia%20Faras%20Safira/Sekretariat%20Badan%20-%20Bag.%20Umum%20-%20Subbag.%20BMN/2026/09.%20Inventarisasi%20Laptop%20Pegawai%20(setban)/02.%20Sumber%20Daya%20Manusia/Surat%20Peminjaman%20BMN%20IRwan_Irwan%20Hermawan.pdf
112,nanang.supriatna85@kemenkeu.go.id,Precision 3570-001,Nanang Supriatna,198504122006021002,Bagian Umum,Subbagian Tata Usaha,Dell,,767,767,,https://kemenkeu-my.sharepoint.com/personal/alifia_safira_kemenkeu_go_id/Documents/Alifia%20Faras%20Safira/Sekretariat%20Badan%20-%20Bag.%20Umum%20-%20Subbag.%20BMN/2026/09.%20Inventarisasi%20Laptop%20Pegawai%20(setban)/05.%20Umum/05.%20Umum%20-%20Foto%20Laptop/222_Nanang%20Supriatna.jpeg; https://kemenkeu-my.sharepoint.com/personal/alifia_safira_kemenkeu_go_id/Documents/Alifia%20Faras%20Safira/Sekretariat%20Badan%20-%20Bag.%20Umum%20-%20Subbag.%20BMN/2026/09.%20Inventarisasi%20Laptop%20Pegawai%20(setban)/05.%20Umum/05.%20Umum%20-%20Foto%20Laptop/111_Nanang%20Supriatna.jpeg,https://kemenkeu-my.sharepoint.com/personal/alifia_safira_kemenkeu_go_id/Documents/Alifia%20Faras%20Safira/Sekretariat%20Badan%20-%20Bag.%20Umum%20-%20Subbag.%20BMN/2026/09.%20Inventarisasi%20Laptop%20Pegawai%20(setban)/05.%20Umum/Surat%20Pernyataan%20Peminjaman%20BMN%20-%20Nanang%20Supr_Nanang%20Supriatna.pdf
113,irma.suryani@kemenkeu.go.id,F1 D14 DN50 5C,Irma Suryani Lubis,198905092010122001,Bagian Perencanaan dan Keuangan,Subbagian Perbendaharaan II,DAC,,1143,1143,,https://kemenkeu-my.sharepoint.com/personal/alifia_safira_kemenkeu_go_id/Documents/Alifia%20Faras%20Safira/Sekretariat%20Badan%20-%20Bag.%20Umum%20-%20Subbag.%20BMN/2026/09.%20Inventarisasi%20Laptop%20Pegawai%20(setban)/03.%20Perencanaan%20dan%20Keuangan/03.%20Perencanaan%20dan%20Keuangan%20-%20Foto%20Laptop/belakang_Irma%20Suryani%20Lubis.jpeg; https://kemenkeu-my.sharepoint.com/personal/alifia_safira_kemenkeu_go_id/Documents/Alifia%20Faras%20Safira/Sekretariat%20Badan%20-%20Bag.%20Umum%20-%20Subbag.%20BMN/2026/09.%20Inventarisasi%20Laptop%20Pegawai%20(setban)/03.%20Perencanaan%20dan%20Keuangan/03.%20Perencanaan%20dan%20Keuangan%20-%20Foto%20Laptop/buka_Irma%20Suryani%20Lubis.jpeg; https://kemenkeu-my.sharepoint.com/personal/alifia_safira_kemenkeu_go_id/Documents/Alifia%20Faras%20Safira/Sekretariat%20Badan%20-%20Bag.%20Umum%20-%20Subbag.%20BMN/2026/09.%20Inventarisasi%20Laptop%20Pegawai%20(setban)/03.%20Perencanaan%20dan%20Keuangan/03.%20Perencanaan%20dan%20Keuangan%20-%20Foto%20Laptop/depan_Irma%20Suryani%20Lubis.jpeg,https://kemenkeu-my.sharepoint.com/personal/alifia_safira_kemenkeu_go_id/Documents/Alifia%20Faras%20Safira/Sekretariat%20Badan%20-%20Bag.%20Umum%20-%20Subbag.%20BMN/2026/09.%20Inventarisasi%20Laptop%20Pegawai%20(setban)/03.%20Perencanaan%20dan%20Keuangan/Peminjaman%20BMN%20Irma%20Suryani%20Lubis_Irma%20Suryani%20Lubis.pdf
119,sigitsumarsono@kemenkeu.go.id,F1 D14 DN50 5C,Sigit Sumarsono,199108042013101002,Bagian Umum,Subbagian Tata Usaha,DAC,,1170,1170,,https://kemenkeu-my.sharepoint.com/personal/alifia_safira_kemenkeu_go_id/Documents/Alifia%20Faras%20Safira/Sekretariat%20Badan%20-%20Bag.%20Umum%20-%20Subbag.%20BMN/2026/09.%20Inventarisasi%20Laptop%20Pegawai%20(setban)/05.%20Umum/05.%20Umum%20-%20Foto%20Laptop/WhatsApp%20Image%202026-05-12%20at%2010.32.35%20(2)_Sigit%20Sumarsono.jpeg; https://kemenkeu-my.sharepoint.com/personal/alifia_safira_kemenkeu_go_id/Documents/Alifia%20Faras%20Safira/Sekretariat%20Badan%20-%20Bag.%20Umum%20-%20Subbag.%20BMN/2026/09.%20Inventarisasi%20Laptop%20Pegawai%20(setban)/05.%20Umum/05.%20Umum%20-%20Foto%20Laptop/WhatsApp%20Image%202026-05-12%20at%2010.32.35%20(1)_Sigit%20Sumarsono.jpeg; https://kemenkeu-my.sharepoint.com/personal/alifia_safira_kemenkeu_go_id/Documents/Alifia%20Faras%20Safira/Sekretariat%20Badan%20-%20Bag.%20Umum%20-%20Subbag.%20BMN/2026/09.%20Inventarisasi%20Laptop%20Pegawai%20(setban)/05.%20Umum/05.%20Umum%20-%20Foto%20Laptop/WhatsApp%20Image%202026-05-12%20at%2010.32.35_Sigit%20Sumarsono.jpeg,https://kemenkeu-my.sharepoint.com/personal/alifia_safira_kemenkeu_go_id/Documents/Alifia%20Faras%20Safira/Sekretariat%20Badan%20-%20Bag.%20Umum%20-%20Subbag.%20BMN/2026/09.%20Inventarisasi%20Laptop%20Pegawai%20(setban)/05.%20Umum/Peminjaman%20BMN_Sigit%20Sumarsono.pdf
121,desirestu@kemenkeu.go.id,Travelmate TMP214 Core i5,Desi Restu Cahyani,198912192010122001,Bagian Sumber Daya Manusia,Subbagian Pengembangan Kompetensi,Acer,,800,800,,https://kemenkeu-my.sharepoint.com/personal/alifia_safira_kemenkeu_go_id/Documents/Alifia%20Faras%20Safira/Sekretariat%20Badan%20-%20Bag.%20Umum%20-%20Subbag.%20BMN/2026/09.%20Inventarisasi%20Laptop%20Pegawai%20(setban)/02.%20Sumber%20Daya%20Manusia/02.%20Sumber%20Daya%20Manusia%20-%20Foto%20Laptop/WhatsApp%20Image%202026-05-12%20at%2014.00.42_Desi%20Restu%20Cahyani.jpeg; https://kemenkeu-my.sharepoint.com/personal/alifia_safira_kemenkeu_go_id/Documents/Alifia%20Faras%20Safira/Sekretariat%20Badan%20-%20Bag.%20Umum%20-%20Subbag.%20BMN/2026/09.%20Inventarisasi%20Laptop%20Pegawai%20(setban)/02.%20Sumber%20Daya%20Manusia/02.%20Sumber%20Daya%20Manusia%20-%20Foto%20Laptop/WhatsApp%20Image%202026-05-12%20at%2014.00.45_Desi%20Restu%20Cahyani.jpeg; https://kemenkeu-my.sharepoint.com/personal/alifia_safira_kemenkeu_go_id/Documents/Alifia%20Faras%20Safira/Sekretariat%20Badan%20-%20Bag.%20Umum%20-%20Subbag.%20BMN/2026/09.%20Inventarisasi%20Laptop%20Pegawai%20(setban)/02.%20Sumber%20Daya%20Manusia/02.%20Sumber%20Daya%20Manusia%20-%20Foto%20Laptop/WhatsApp%20Image%202026-05-12%20at%2014.00.48_Desi%20Restu%20Cahyani.jpeg,https://kemenkeu-my.sharepoint.com/personal/alifia_safira_kemenkeu_go_id/Documents/Alifia%20Faras%20Safira/Sekretariat%20Badan%20-%20Bag.%20Umum%20-%20Subbag.%20BMN/2026/09.%20Inventarisasi%20Laptop%20Pegawai%20(setban)/02.%20Sumber%20Daya%20Manusia/PRN%20Peminjaman%20BMN_Desi%20Restu%20Cahyani.pdf
125,dyah@kemenkeu.go.id,F1 D14 DN50 5C,Dyah Ekawati,197504021996022001,Bagian Sumber Daya Manusia,Subbagian Pengembangan Karier,DAC,,1136,1136,,https://kemenkeu-my.sharepoint.com/personal/alifia_safira_kemenkeu_go_id/Documents/Alifia%20Faras%20Safira/Sekretariat%20Badan%20-%20Bag.%20Umum%20-%20Subbag.%20BMN/2026/09.%20Inventarisasi%20Laptop%20Pegawai%20(setban)/02.%20Sumber%20Daya%20Manusia/02.%20Sumber%20Daya%20Manusia%20-%20Foto%20Laptop/WhatsApp%20Image%202026-05-12%20at%2014.14.05%20(1)_Dyah%20Ekawati.jpeg; https://kemenkeu-my.sharepoint.com/personal/alifia_safira_kemenkeu_go_id/Documents/Alifia%20Faras%20Safira/Sekretariat%20Badan%20-%20Bag.%20Umum%20-%20Subbag.%20BMN/2026/09.%20Inventarisasi%20Laptop%20Pegawai%20(setban)/02.%20Sumber%20Daya%20Manusia/02.%20Sumber%20Daya%20Manusia%20-%20Foto%20Laptop/WhatsApp%20Image%202026-05-12%20at%2014.14.05_Dyah%20Ekawati.jpeg; https://kemenkeu-my.sharepoint.com/personal/alifia_safira_kemenkeu_go_id/Documents/Alifia%20Faras%20Safira/Sekretariat%20Badan%20-%20Bag.%20Umum%20-%20Subbag.%20BMN/2026/09.%20Inventarisasi%20Laptop%20Pegawai%20(setban)/02.%20Sumber%20Daya%20Manusia/02.%20Sumber%20Daya%20Manusia%20-%20Foto%20Laptop/WhatsApp%20Image%202026-05-12%20at%2014.14.06_Dyah%20Ekawati.jpeg,https://kemenkeu-my.sharepoint.com/personal/alifia_safira_kemenkeu_go_id/Documents/Alifia%20Faras%20Safira/Sekretariat%20Badan%20-%20Bag.%20Umum%20-%20Subbag.%20BMN/2026/09.%20Inventarisasi%20Laptop%20Pegawai%20(setban)/02.%20Sumber%20Daya%20Manusia/Surat%20Pernyataan%20Peminjaman%20BMN-DYAH%20EKA%20DS_Dyah%20Ekawati.pdf
126,endy.endarvin@kemenkeu.go.id,F1 D14 DN50 5C,Endy Dreyanto Endarvin,198401282010121003,"Bagian Manajemen Pengetahuan, Komunikasi, dan Kerja Sama",Subbagian Analisis Data Pembelajaran,DAC,,1137,1137,"Dell, Precision 3540, 445 ; Acer, travelmate P214, ??","https://kemenkeu-my.sharepoint.com/personal/alifia_safira_kemenkeu_go_id/Documents/Alifia%20Faras%20Safira/Sekretariat%20Badan%20-%20Bag.%20Umum%20-%20Subbag.%20BMN/2026/09.%20Inventarisasi%20Laptop%20Pegawai%20(setban)/04.%20Manajemen%20Pengetahuan,%20Komunikasi,%20dan%20Kerja%20Sama/04.%20Manajemen%20Pengetahuan,%20Komunikasi,%20dan%20Kerja%20Sama%20-%20Foto%20Laptop/Atas%20DAC_Endy%20Dreyanto%20Endarv.jpg; https://kemenkeu-my.sharepoint.com/personal/alifia_safira_kemenkeu_go_id/Documents/Alifia%20Faras%20Safira/Sekretariat%20Badan%20-%20Bag.%20Umum%20-%20Subbag.%20BMN/2026/09.%20Inventarisasi%20Laptop%20Pegawai%20(setban)/04.%20Manajemen%20Pengetahuan,%20Komunikasi,%20dan%20Kerja%20Sama/04.%20Manajemen%20Pengetahuan,%20Komunikasi,%20dan%20Kerja%20Sama%20-%20Foto%20Laptop/Bawah%20DAC_Endy%20Dreyanto%20Endarv.jpg; https://kemenkeu-my.sharepoint.com/personal/alifia_safira_kemenkeu_go_id/Documents/Alifia%20Faras%20Safira/Sekretariat%20Badan%20-%20Bag.%20Umum%20-%20Subbag.%20BMN/2026/09.%20Inventarisasi%20Laptop%20Pegawai%20(setban)/04.%20Manajemen%20Pengetahuan,%20Komunikasi,%20dan%20Kerja%20Sama/04.%20Manajemen%20Pengetahuan,%20Komunikasi,%20dan%20Kerja%20Sama%20-%20Foto%20Laptop/Depan%20DAC_Endy%20Dreyanto%20Endarv.jpeg","https://kemenkeu-my.sharepoint.com/personal/alifia_safira_kemenkeu_go_id/Documents/Alifia%20Faras%20Safira/Sekretariat%20Badan%20-%20Bag.%20Umum%20-%20Subbag.%20BMN/2026/09.%20Inventarisasi%20Laptop%20Pegawai%20(setban)/04.%20Manajemen%20Pengetahuan,%20Komunikasi,%20dan%20Kerja%20Sama/Surat%20Pernyataan%20Peminjaman%20BMN%20DS_Endy%20Dreyanto%20Endarv.pdf"
127,m_sandri_m@kemenkeu.go.id,F1 D14 DN50 5C,Muhamad Sandri Merizanta,197103291997031001,Fungsional,,DAC,,1155,1155,"Ya, HP Probook 430 G7",https://kemenkeu-my.sharepoint.com/personal/alifia_safira_kemenkeu_go_id/Documents/Alifia%20Faras%20Safira/Sekretariat%20Badan%20-%20Bag.%20Umum%20-%20Subbag.%20BMN/2026/09.%20Inventarisasi%20Laptop%20Pegawai%20(setban)/06.%20Fungsional/06.%20Fungsional%20-%20Foto%20Laptop/20260511_134311_Muhamad%20Sandri%20Meriz.jpg; https://kemenkeu-my.sharepoint.com/personal/alifia_safira_kemenkeu_go_id/Documents/Alifia%20Faras%20Safira/Sekretariat%20Badan%20-%20Bag.%20Umum%20-%20Subbag.%20BMN/2026/09.%20Inventarisasi%20Laptop%20Pegawai%20(setban)/06.%20Fungsional/06.%20Fungsional%20-%20Foto%20Laptop/20260511_134325_Muhamad%20Sandri%20Meriz.jpg; https://kemenkeu-my.sharepoint.com/personal/alifia_safira_kemenkeu_go_id/Documents/Alifia%20Faras%20Safira/Sekretariat%20Badan%20-%20Bag.%20Umum%20-%20Subbag.%20BMN/2026/09.%20Inventarisasi%20Laptop%20Pegawai%20(setban)/06.%20Fungsional/06.%20Fungsional%20-%20Foto%20Laptop/20260511_134545_Muhamad%20Sandri%20Meriz.jpg,https://kemenkeu-my.sharepoint.com/personal/alifia_safira_kemenkeu_go_id/Documents/Alifia%20Faras%20Safira/Sekretariat%20Badan%20-%20Bag.%20Umum%20-%20Subbag.%20BMN/2026/09.%20Inventarisasi%20Laptop%20Pegawai%20(setban)/06.%20Fungsional/39cbf86c-dd6e-432f-b78d-0d1b4db26210.pdf_Muhamad%20Sandri%20Meriz.pdf
128,tamamkhaulani@kemenkeu.go.id,Travelmate TMP214 Core i5,Tamam Khaulani,198408202007011001,Bagian Sumber Daya Manusia,Subbagian Manajemen Layanan Sumber Daya Manusia,Acer,,796,796,,https://kemenkeu-my.sharepoint.com/personal/alifia_safira_kemenkeu_go_id/Documents/Alifia%20Faras%20Safira/Sekretariat%20Badan%20-%20Bag.%20Umum%20-%20Subbag.%20BMN/2026/09.%20Inventarisasi%20Laptop%20Pegawai%20(setban)/02.%20Sumber%20Daya%20Manusia/02.%20Sumber%20Daya%20Manusia%20-%20Foto%20Laptop/WhatsApp%20Image%202026-05-12%20at%2015.18.27_Tamam%20Khaulani.jpeg; https://kemenkeu-my.sharepoint.com/personal/alifia_safira_kemenkeu_go_id/Documents/Alifia%20Faras%20Safira/Sekretariat%20Badan%20-%20Bag.%20Umum%20-%20Subbag.%20BMN/2026/09.%20Inventarisasi%20Laptop%20Pegawai%20(setban)/02.%20Sumber%20Daya%20Manusia/02.%20Sumber%20Daya%20Manusia%20-%20Foto%20Laptop/WhatsApp%20Image%202026-05-12%20at%2015.18.28_Tamam%20Khaulani.jpeg; https://kemenkeu-my.sharepoint.com/personal/alifia_safira_kemenkeu_go_id/Documents/Alifia%20Faras%20Safira/Sekretariat%20Badan%20-%20Bag.%20Umum%20-%20Subbag.%20BMN/2026/09.%20Inventarisasi%20Laptop%20Pegawai%20(setban)/02.%20Sumber%20Daya%20Manusia/02.%20Sumber%20Daya%20Manusia%20-%20Foto%20Laptop/WhatsApp%20Image%202026-05-12%20at%2015.18.29_Tamam%20Khaulani.jpeg,https://kemenkeu-my.sharepoint.com/personal/alifia_safira_kemenkeu_go_id/Documents/Alifia%20Faras%20Safira/Sekretariat%20Badan%20-%20Bag.%20Umum%20-%20Subbag.%20BMN/2026/09.%20Inventarisasi%20Laptop%20Pegawai%20(setban)/02.%20Sumber%20Daya%20Manusia/surat%20pernyataan%20peminjaman%20BMN%20tamam_Tamam%20Khaulani.pdf
130,dita.rakhmadina@kemenkeu.go.id,Probook 430 G7,Dita Rakhmadina,198904172010122002,Bagian Perencanaan dan Keuangan,Subbagian Perbendaharaan II,HP,,970,970,,https://kemenkeu-my.sharepoint.com/personal/alifia_safira_kemenkeu_go_id/Documents/Alifia%20Faras%20Safira/Sekretariat%20Badan%20-%20Bag.%20Umum%20-%20Subbag.%20BMN/2026/09.%20Inventarisasi%20Laptop%20Pegawai%20(setban)/03.%20Perencanaan%20dan%20Keuangan/03.%20Perencanaan%20dan%20Keuangan%20-%20Foto%20Laptop/WhatsApp%20Image%202026-05-12%20at%203.26.29%20PM_Dita%20Rakhmadina.jpeg; https://kemenkeu-my.sharepoint.com/personal/alifia_safira_kemenkeu_go_id/Documents/Alifia%20Faras%20Safira/Sekretariat%20Badan%20-%20Bag.%20Umum%20-%20Subbag.%20BMN/2026/09.%20Inventarisasi%20Laptop%20Pegawai%20(setban)/03.%20Perencanaan%20dan%20Keuangan/03.%20Perencanaan%20dan%20Keuangan%20-%20Foto%20Laptop/WhatsApp%20Image%202026-05-12%20at%203.26.29%20PM%20(1)_Dita%20Rakhmadina.jpeg; https://kemenkeu-my.sharepoint.com/personal/alifia_safira_kemenkeu_go_id/Documents/Alifia%20Faras%20Safira/Sekretariat%20Badan%20-%20Bag.%20Umum%20-%20Subbag.%20BMN/2026/09.%20Inventarisasi%20Laptop%20Pegawai%20(setban)/03.%20Perencanaan%20dan%20Keuangan/03.%20Perencanaan%20dan%20Keuangan%20-%20Foto%20Laptop/WhatsApp%20Image%202026-05-12%20at%203.26.29%20PM%20(2)_Dita%20Rakhmadina.jpeg,https://kemenkeu-my.sharepoint.com/personal/alifia_safira_kemenkeu_go_id/Documents/Alifia%20Faras%20Safira/Sekretariat%20Badan%20-%20Bag.%20Umum%20-%20Subbag.%20BMN/2026/09.%20Inventarisasi%20Laptop%20Pegawai%20(setban)/03.%20Perencanaan%20dan%20Keuangan/Surat%20Pernyataan%20Peminjaman%20BMN%20Dita%20Rakhmadi_Dita%20Rakhmadina.pdf
131,dewi.ps@kemenkeu.go.id,Travelmate TMP214 Core i5,Dewi Prabawati Setyaningtyas,199305292014112001,Bagian Sumber Daya Manusia,Subbagian Pengembangan Kompetensi,Acer,,799,799,,https://kemenkeu-my.sharepoint.com/personal/alifia_safira_kemenkeu_go_id/Documents/Alifia%20Faras%20Safira/Sekretariat%20Badan%20-%20Bag.%20Umum%20-%20Subbag.%20BMN/2026/09.%20Inventarisasi%20Laptop%20Pegawai%20(setban)/02.%20Sumber%20Daya%20Manusia/02.%20Sumber%20Daya%20Manusia%20-%20Foto%20Laptop/20260507_151521_Dewi%20Prabawati%20Setya.jpg; https://kemenkeu-my.sharepoint.com/personal/alifia_safira_kemenkeu_go_id/Documents/Alifia%20Faras%20Safira/Sekretariat%20Badan%20-%20Bag.%20Umum%20-%20Subbag.%20BMN/2026/09.%20Inventarisasi%20Laptop%20Pegawai%20(setban)/02.%20Sumber%20Daya%20Manusia/02.%20Sumber%20Daya%20Manusia%20-%20Foto%20Laptop/20260507_151505_Dewi%20Prabawati%20Setya.jpg; https://kemenkeu-my.sharepoint.com/personal/alifia_safira_kemenkeu_go_id/Documents/Alifia%20Faras%20Safira/Sekretariat%20Badan%20-%20Bag.%20Umum%20-%20Subbag.%20BMN/2026/09.%20Inventarisasi%20Laptop%20Pegawai%20(setban)/02.%20Sumber%20Daya%20Manusia/02.%20Sumber%20Daya%20Manusia%20-%20Foto%20Laptop/20260507_151433_Dewi%20Prabawati%20Setya.jpg,https://kemenkeu-my.sharepoint.com/personal/alifia_safira_kemenkeu_go_id/Documents/Alifia%20Faras%20Safira/Sekretariat%20Badan%20-%20Bag.%20Umum%20-%20Subbag.%20BMN/2026/09.%20Inventarisasi%20Laptop%20Pegawai%20(setban)/02.%20Sumber%20Daya%20Manusia/Form%20Peminjaman%20BMN%20Dewi_Dewi%20Prabawati%20Setya.pdf
133,samuel.juliandy@kemenkeu.go.id,F1 D14 DN50 5C,Samuel Juliandy,199207202019021004,"Bagian Manajemen Pengetahuan, Komunikasi, dan Kerja Sama","Subbagian Komunikasi, Layanan Informasi, dan Kerja Sama",DAC,,1166,1166,,"https://kemenkeu-my.sharepoint.com/personal/alifia_safira_kemenkeu_go_id/Documents/Alifia%20Faras%20Safira/Sekretariat%20Badan%20-%20Bag.%20Umum%20-%20Subbag.%20BMN/2026/09.%20Inventarisasi%20Laptop%20Pegawai%20(setban)/04.%20Manajemen%20Pengetahuan,%20Komunikasi,%20dan%20Kerja%20Sama/04.%20Manajemen%20Pengetahuan,%20Komunikasi,%20dan%20Kerja%20Sama%20-%20Foto%20Laptop/WhatsApp%20Image%202026-05-12%20at%2016.24.00_Samuel%20Juliandy.jpeg; https://kemenkeu-my.sharepoint.com/personal/alifia_safira_kemenkeu_go_id/Documents/Alifia%20Faras%20Safira/Sekretariat%20Badan%20-%20Bag.%20Umum%20-%20Subbag.%20BMN/2026/09.%20Inventarisasi%20Laptop%20Pegawai%20(setban)/04.%20Manajemen%20Pengetahuan,%20Komunikasi,%20dan%20Kerja%20Sama/04.%20Manajemen%20Pengetahuan,%20Komunikasi,%20dan%20Kerja%20Sama%20-%20Foto%20Laptop/WhatsApp%20Image%202026-05-12%20at%2016.23.52%20(1)_Samuel%20Juliandy.jpeg; https://kemenkeu-my.sharepoint.com/personal/alifia_safira_kemenkeu_go_id/Documents/Alifia%20Faras%20Safira/Sekretariat%20Badan%20-%20Bag.%20Umum%20-%20Subbag.%20BMN/2026/09.%20Inventarisasi%20Laptop%20Pegawai%20(setban)/04.%20Manajemen%20Pengetahuan,%20Komunikasi,%20dan%20Kerja%20Sama/04.%20Manajemen%20Pengetahuan,%20Komunikasi,%20dan%20Kerja%20Sama%20-%20Foto%20Laptop/WhatsApp%20Image%202026-05-12%20at%2016.23.52_Samuel%20Juliandy.jpeg","https://kemenkeu-my.sharepoint.com/personal/alifia_safira_kemenkeu_go_id/Documents/Alifia%20Faras%20Safira/Sekretariat%20Badan%20-%20Bag.%20Umum%20-%20Subbag.%20BMN/2026/09.%20Inventarisasi%20Laptop%20Pegawai%20(setban)/04.%20Manajemen%20Pengetahuan,%20Komunikasi,%20dan%20Kerja%20Sama/Surat%20Peminjaman%20BMN_Samuel%20Juliandy.pdf"
134,ivan.rizki@kemenkeu.go.id,7D ARN 787R4060-V832-2TB,Ivan Rizki Arviandi,199601272019021002,"Bagian Manajemen Pengetahuan, Komunikasi, dan Kerja Sama","Subbagian Komunikasi, Layanan Informasi, dan Kerja Sama",DAC,,1195,1195,,"https://kemenkeu-my.sharepoint.com/personal/alifia_safira_kemenkeu_go_id/Documents/Alifia%20Faras%20Safira/Sekretariat%20Badan%20-%20Bag.%20Umum%20-%20Subbag.%20BMN/2026/09.%20Inventarisasi%20Laptop%20Pegawai%20(setban)/04.%20Manajemen%20Pengetahuan,%20Komunikasi,%20dan%20Kerja%20Sama/04.%20Manajemen%20Pengetahuan,%20Komunikasi,%20dan%20Kerja%20Sama%20-%20Foto%20Laptop/WhatsApp%20Image%202026-05-12%20at%203.33.21%20PM%20(1)_Ivan%20Rizki%20Arviandi.jpeg; https://kemenkeu-my.sharepoint.com/personal/alifia_safira_kemenkeu_go_id/Documents/Alifia%20Faras%20Safira/Sekretariat%20Badan%20-%20Bag.%20Umum%20-%20Subbag.%20BMN/2026/09.%20Inventarisasi%20Laptop%20Pegawai%20(setban)/04.%20Manajemen%20Pengetahuan,%20Komunikasi,%20dan%20Kerja%20Sama/04.%20Manajemen%20Pengetahuan,%20Komunikasi,%20dan%20Kerja%20Sama%20-%20Foto%20Laptop/WhatsApp%20Image%202026-05-12%20at%203.33.21%20PM%20(2)_Ivan%20Rizki%20Arviandi.jpeg; https://kemenkeu-my.sharepoint.com/personal/alifia_safira_kemenkeu_go_id/Documents/Alifia%20Faras%20Safira/Sekretariat%20Badan%20-%20Bag.%20Umum%20-%20Subbag.%20BMN/2026/09.%20Inventarisasi%20Laptop%20Pegawai%20(setban)/04.%20Manajemen%20Pengetahuan,%20Komunikasi,%20dan%20Kerja%20Sama/04.%20Manajemen%20Pengetahuan,%20Komunikasi,%20dan%20Kerja%20Sama%20-%20Foto%20Laptop/WhatsApp%20Image%202026-05-12%20at%203.33.21%20PM_Ivan%20Rizki%20Arviandi.jpeg","https://kemenkeu-my.sharepoint.com/personal/alifia_safira_kemenkeu_go_id/Documents/Alifia%20Faras%20Safira/Sekretariat%20Badan%20-%20Bag.%20Umum%20-%20Subbag.%20BMN/2026/09.%20Inventarisasi%20Laptop%20Pegawai%20(setban)/04.%20Manajemen%20Pengetahuan,%20Komunikasi,%20dan%20Kerja%20Sama/Surat%20Pernyataan%20Peminjaman%20BMN%20-%20Ivan%20Rizki_Ivan%20Rizki%20Arviandi.pdf"
135,winridho.gokpasu@kemenkeu.go.id,AMD Ryzen 7,Winridho Aron Gokpasu,200010032022011001,Bagian Umum,Subbagian Tata Usaha,Asus,,994,994,,https://kemenkeu-my.sharepoint.com/personal/alifia_safira_kemenkeu_go_id/Documents/Alifia%20Faras%20Safira/Sekretariat%20Badan%20-%20Bag.%20Umum%20-%20Subbag.%20BMN/2026/09.%20Inventarisasi%20Laptop%20Pegawai%20(setban)/05.%20Umum/05.%20Umum%20-%20Foto%20Laptop/Foto%20Bawah_Winridho%20Aron%20Gokpas.jpeg; https://kemenkeu-my.sharepoint.com/personal/alifia_safira_kemenkeu_go_id/Documents/Alifia%20Faras%20Safira/Sekretariat%20Badan%20-%20Bag.%20Umum%20-%20Subbag.%20BMN/2026/09.%20Inventarisasi%20Laptop%20Pegawai%20(setban)/05.%20Umum/05.%20Umum%20-%20Foto%20Laptop/Foto%20Belakang_Winridho%20Aron%20Gokpas.jpeg; https://kemenkeu-my.sharepoint.com/personal/alifia_safira_kemenkeu_go_id/Documents/Alifia%20Faras%20Safira/Sekretariat%20Badan%20-%20Bag.%20Umum%20-%20Subbag.%20BMN/2026/09.%20Inventarisasi%20Laptop%20Pegawai%20(setban)/05.%20Umum/05.%20Umum%20-%20Foto%20Laptop/Foto%20Depan_Winridho%20Aron%20Gokpas.jpeg,https://kemenkeu-my.sharepoint.com/personal/alifia_safira_kemenkeu_go_id/Documents/Alifia%20Faras%20Safira/Sekretariat%20Badan%20-%20Bag.%20Umum%20-%20Subbag.%20BMN/2026/09.%20Inventarisasi%20Laptop%20Pegawai%20(setban)/05.%20Umum/Surat%20Pernyataan%20Peminjaman%20BMN_Winridho%20Aron_Winridho%20Aron%20Gokpas.pdf
137,novamardianti@kemenkeu.go.id,Probook 430 G7,Nova Mardianti,198411142009012006,Bagian Organisasi dan Kepatuhan Internal,Subbagian Organisasi,HP,,968,968,,https://kemenkeu-my.sharepoint.com/personal/alifia_safira_kemenkeu_go_id/Documents/Alifia%20Faras%20Safira/Sekretariat%20Badan%20-%20Bag.%20Umum%20-%20Subbag.%20BMN/2026/09.%20Inventarisasi%20Laptop%20Pegawai%20(setban)/01.%20Organisasi%20dan%20Kepatuhan%20Internal/01.%20Organisasi%20dan%20Kepatuhan%20Internal%20-%20Foto%20Laptop/Laptop%20Bawah_Nova%20Mardianti.jpeg; https://kemenkeu-my.sharepoint.com/personal/alifia_safira_kemenkeu_go_id/Documents/Alifia%20Faras%20Safira/Sekretariat%20Badan%20-%20Bag.%20Umum%20-%20Subbag.%20BMN/2026/09.%20Inventarisasi%20Laptop%20Pegawai%20(setban)/01.%20Organisasi%20dan%20Kepatuhan%20Internal/01.%20Organisasi%20dan%20Kepatuhan%20Internal%20-%20Foto%20Laptop/Laptop%20Belakang_Nova%20Mardianti.jpeg; https://kemenkeu-my.sharepoint.com/personal/alifia_safira_kemenkeu_go_id/Documents/Alifia%20Faras%20Safira/Sekretariat%20Badan%20-%20Bag.%20Umum%20-%20Subbag.%20BMN/2026/09.%20Inventarisasi%20Laptop%20Pegawai%20(setban)/01.%20Organisasi%20dan%20Kepatuhan%20Internal/01.%20Organisasi%20dan%20Kepatuhan%20Internal%20-%20Foto%20Laptop/Laptop%20Depan_Nova%20Mardianti.jpeg,https://kemenkeu-my.sharepoint.com/personal/alifia_safira_kemenkeu_go_id/Documents/Alifia%20Faras%20Safira/Sekretariat%20Badan%20-%20Bag.%20Umum%20-%20Subbag.%20BMN/2026/09.%20Inventarisasi%20Laptop%20Pegawai%20(setban)/01.%20Organisasi%20dan%20Kepatuhan%20Internal/Surat%20Pernyataan%20Peminjaman%20BMN_Nova%20OKI_Nova%20Mardianti.pdf
139,hilmi.hermawan@kemenkeu.go.id,F1 D14 DN50 5C,Hilmi Hermawan,199907222025051002,Bagian Sumber Daya Manusia,Subbagian Pengembangan Kompetensi,DAC,,1141,1141,,https://kemenkeu-my.sharepoint.com/personal/alifia_safira_kemenkeu_go_id/Documents/Alifia%20Faras%20Safira/Sekretariat%20Badan%20-%20Bag.%20Umum%20-%20Subbag.%20BMN/2026/09.%20Inventarisasi%20Laptop%20Pegawai%20(setban)/02.%20Sumber%20Daya%20Manusia/02.%20Sumber%20Daya%20Manusia%20-%20Foto%20Laptop/WhatsApp%20Image%202026-05-12%20at%2015.55.14_HILMI%20HERMAWAN.jpeg; https://kemenkeu-my.sharepoint.com/personal/alifia_safira_kemenkeu_go_id/Documents/Alifia%20Faras%20Safira/Sekretariat%20Badan%20-%20Bag.%20Umum%20-%20Subbag.%20BMN/2026/09.%20Inventarisasi%20Laptop%20Pegawai%20(setban)/02.%20Sumber%20Daya%20Manusia/02.%20Sumber%20Daya%20Manusia%20-%20Foto%20Laptop/WhatsApp%20Image%202026-05-12%20at%2015.55.13%20(1)_HILMI%20HERMAWAN.jpeg; https://kemenkeu-my.sharepoint.com/personal/alifia_safira_kemenkeu_go_id/Documents/Alifia%20Faras%20Safira/Sekretariat%20Badan%20-%20Bag.%20Umum%20-%20Subbag.%20BMN/2026/09.%20Inventarisasi%20Laptop%20Pegawai%20(setban)/02.%20Sumber%20Daya%20Manusia/02.%20Sumber%20Daya%20Manusia%20-%20Foto%20Laptop/WhatsApp%20Image%202026-05-12%20at%2015.55.13_HILMI%20HERMAWAN.jpeg,https://kemenkeu-my.sharepoint.com/personal/alifia_safira_kemenkeu_go_id/Documents/Alifia%20Faras%20Safira/Sekretariat%20Badan%20-%20Bag.%20Umum%20-%20Subbag.%20BMN/2026/09.%20Inventarisasi%20Laptop%20Pegawai%20(setban)/02.%20Sumber%20Daya%20Manusia/Surat%20Pernyataan%20Peminjaman%20BMN_HILMI%20HERMAWAN.pdf
140,budipriyatno@kemenkeu.go.id,Precision 3570-001,Budi Priyatno,198603282008121002,Bagian Umum,Subbagian Tata Usaha,Dell,,772,772,,https://kemenkeu-my.sharepoint.com/personal/alifia_safira_kemenkeu_go_id/Documents/Alifia%20Faras%20Safira/Sekretariat%20Badan%20-%20Bag.%20Umum%20-%20Subbag.%20BMN/2026/09.%20Inventarisasi%20Laptop%20Pegawai%20(setban)/05.%20Umum/05.%20Umum%20-%20Foto%20Laptop/Dell-3_Budi%20Priyatno.jpeg; https://kemenkeu-my.sharepoint.com/personal/alifia_safira_kemenkeu_go_id/Documents/Alifia%20Faras%20Safira/Sekretariat%20Badan%20-%20Bag.%20Umum%20-%20Subbag.%20BMN/2026/09.%20Inventarisasi%20Laptop%20Pegawai%20(setban)/05.%20Umum/05.%20Umum%20-%20Foto%20Laptop/Dell-2_Budi%20Priyatno.jpeg; https://kemenkeu-my.sharepoint.com/personal/alifia_safira_kemenkeu_go_id/Documents/Alifia%20Faras%20Safira/Sekretariat%20Badan%20-%20Bag.%20Umum%20-%20Subbag.%20BMN/2026/09.%20Inventarisasi%20Laptop%20Pegawai%20(setban)/05.%20Umum/05.%20Umum%20-%20Foto%20Laptop/Dell-1_Budi%20Priyatno.jpeg,https://kemenkeu-my.sharepoint.com/personal/alifia_safira_kemenkeu_go_id/Documents/Alifia%20Faras%20Safira/Sekretariat%20Badan%20-%20Bag.%20Umum%20-%20Subbag.%20BMN/2026/09.%20Inventarisasi%20Laptop%20Pegawai%20(setban)/05.%20Umum/Pernyataan%20Peminjaman%20BMN_Budi%20Priyatno.pdf
141,nurul.firdausy@kemenkeu.go.id,F1 D14 DN50 5C,Nurul Firdausy,198612142010122003,Bagian Umum,Subbagian Tata Usaha,DAC,,1160,1160,,https://kemenkeu-my.sharepoint.com/personal/alifia_safira_kemenkeu_go_id/Documents/Alifia%20Faras%20Safira/Sekretariat%20Badan%20-%20Bag.%20Umum%20-%20Subbag.%20BMN/2026/09.%20Inventarisasi%20Laptop%20Pegawai%20(setban)/05.%20Umum/05.%20Umum%20-%20Foto%20Laptop/IMG-20260512-WA0013_Nurul%20Firdausy.jpg; https://kemenkeu-my.sharepoint.com/personal/alifia_safira_kemenkeu_go_id/Documents/Alifia%20Faras%20Safira/Sekretariat%20Badan%20-%20Bag.%20Umum%20-%20Subbag.%20BMN/2026/09.%20Inventarisasi%20Laptop%20Pegawai%20(setban)/05.%20Umum/05.%20Umum%20-%20Foto%20Laptop/IMG-20260512-WA0015_Nurul%20Firdausy.jpg; https://kemenkeu-my.sharepoint.com/personal/alifia_safira_kemenkeu_go_id/Documents/Alifia%20Faras%20Safira/Sekretariat%20Badan%20-%20Bag.%20Umum%20-%20Subbag.%20BMN/2026/09.%20Inventarisasi%20Laptop%20Pegawai%20(setban)/05.%20Umum/05.%20Umum%20-%20Foto%20Laptop/IMG-20260512-WA0014_Nurul%20Firdausy.jpg,https://kemenkeu-my.sharepoint.com/personal/alifia_safira_kemenkeu_go_id/Documents/Alifia%20Faras%20Safira/Sekretariat%20Badan%20-%20Bag.%20Umum%20-%20Subbag.%20BMN/2026/09.%20Inventarisasi%20Laptop%20Pegawai%20(setban)/05.%20Umum/Surat%20Peminjaman%20BMN%20an%20Nurul%20Firdausy_Nurul%20Firdausy.pdf
142,irwan.wahyu@kemenkeu.go.id,XPS 13 9305,Irwan Wahyu Basuki,197205081998031001,Bagian Umum,Subbagian Pengelolaan Barang Milik Negara,Dell,,708,708,,https://kemenkeu-my.sharepoint.com/personal/alifia_safira_kemenkeu_go_id/Documents/Alifia%20Faras%20Safira/Sekretariat%20Badan%20-%20Bag.%20Umum%20-%20Subbag.%20BMN/2026/09.%20Inventarisasi%20Laptop%20Pegawai%20(setban)/05.%20Umum/05.%20Umum%20-%20Foto%20Laptop/WhatsApp%20Image%202026-05-12%20at%2019.51.38%20(2)_Irwan%20Wahyu%20Basuki.jpeg; https://kemenkeu-my.sharepoint.com/personal/alifia_safira_kemenkeu_go_id/Documents/Alifia%20Faras%20Safira/Sekretariat%20Badan%20-%20Bag.%20Umum%20-%20Subbag.%20BMN/2026/09.%20Inventarisasi%20Laptop%20Pegawai%20(setban)/05.%20Umum/05.%20Umum%20-%20Foto%20Laptop/WhatsApp%20Image%202026-05-12%20at%2019.51.38%20(1)_Irwan%20Wahyu%20Basuki.jpeg; https://kemenkeu-my.sharepoint.com/personal/alifia_safira_kemenkeu_go_id/Documents/Alifia%20Faras%20Safira/Sekretariat%20Badan%20-%20Bag.%20Umum%20-%20Subbag.%20BMN/2026/09.%20Inventarisasi%20Laptop%20Pegawai%20(setban)/05.%20Umum/05.%20Umum%20-%20Foto%20Laptop/WhatsApp%20Image%202026-05-12%20at%2019.51.38_Irwan%20Wahyu%20Basuki.jpeg,https://kemenkeu-my.sharepoint.com/personal/alifia_safira_kemenkeu_go_id/Documents/Alifia%20Faras%20Safira/Sekretariat%20Badan%20-%20Bag.%20Umum%20-%20Subbag.%20BMN/2026/09.%20Inventarisasi%20Laptop%20Pegawai%20(setban)/05.%20Umum/Surat%20Pernyataan%20Peminjaman%20BMN-Irwan%20WB%20(1)_Irwan%20Wahyu%20Basuki.pdf
143,gilang.nugraha@kemenkeu.go.id,F1 D14 DN50 5C,Gilang Suci Nugraha,198905022009121002,Bagian Sumber Daya Manusia,Subbagian Pengembangan Kompetensi,DAC,,1140,1140,,https://kemenkeu-my.sharepoint.com/personal/alifia_safira_kemenkeu_go_id/Documents/Alifia%20Faras%20Safira/Sekretariat%20Badan%20-%20Bag.%20Umum%20-%20Subbag.%20BMN/2026/09.%20Inventarisasi%20Laptop%20Pegawai%20(setban)/02.%20Sumber%20Daya%20Manusia/02.%20Sumber%20Daya%20Manusia%20-%20Foto%20Laptop/WhatsApp%20Image%202026-05-13%20at%208.32.41%20AM_Gilang%20Suci%20Nugraha.jpeg; https://kemenkeu-my.sharepoint.com/personal/alifia_safira_kemenkeu_go_id/Documents/Alifia%20Faras%20Safira/Sekretariat%20Badan%20-%20Bag.%20Umum%20-%20Subbag.%20BMN/2026/09.%20Inventarisasi%20Laptop%20Pegawai%20(setban)/02.%20Sumber%20Daya%20Manusia/02.%20Sumber%20Daya%20Manusia%20-%20Foto%20Laptop/WhatsApp%20Image%202026-05-13%20at%208.32.11%20AM_Gilang%20Suci%20Nugraha.jpeg; https://kemenkeu-my.sharepoint.com/personal/alifia_safira_kemenkeu_go_id/Documents/Alifia%20Faras%20Safira/Sekretariat%20Badan%20-%20Bag.%20Umum%20-%20Subbag.%20BMN/2026/09.%20Inventarisasi%20Laptop%20Pegawai%20(setban)/02.%20Sumber%20Daya%20Manusia/02.%20Sumber%20Daya%20Manusia%20-%20Foto%20Laptop/WhatsApp%20Image%202026-05-13%20at%208.31.55%20AM_Gilang%20Suci%20Nugraha.jpeg,https://kemenkeu-my.sharepoint.com/personal/alifia_safira_kemenkeu_go_id/Documents/Alifia%20Faras%20Safira/Sekretariat%20Badan%20-%20Bag.%20Umum%20-%20Subbag.%20BMN/2026/09.%20Inventarisasi%20Laptop%20Pegawai%20(setban)/02.%20Sumber%20Daya%20Manusia/Pyt%20BMN_Gilang%20Suci%20Nugraha.pdf
144,w.adisetyo@kemenkeu.go.id,F1 D14 DN50 5C,Wahyu Adi Setyo Wibowo,198409142010121004,Bagian Umum,Subbagian Tata Usaha,DAC,,1176,1176,,https://kemenkeu-my.sharepoint.com/personal/alifia_safira_kemenkeu_go_id/Documents/Alifia%20Faras%20Safira/Sekretariat%20Badan%20-%20Bag.%20Umum%20-%20Subbag.%20BMN/2026/09.%20Inventarisasi%20Laptop%20Pegawai%20(setban)/05.%20Umum/05.%20Umum%20-%20Foto%20Laptop/WhatsApp%20Image%202026-05-13%20at%2008.47.10_Wahyu%20Adi%20Setyo%20%20Wib.jpeg; https://kemenkeu-my.sharepoint.com/personal/alifia_safira_kemenkeu_go_id/Documents/Alifia%20Faras%20Safira/Sekretariat%20Badan%20-%20Bag.%20Umum%20-%20Subbag.%20BMN/2026/09.%20Inventarisasi%20Laptop%20Pegawai%20(setban)/05.%20Umum/05.%20Umum%20-%20Foto%20Laptop/WhatsApp%20Image%202026-05-13%20at%2008.47.10%20(1)_Wahyu%20Adi%20Setyo%20%20Wib.jpeg; https://kemenkeu-my.sharepoint.com/personal/alifia_safira_kemenkeu_go_id/Documents/Alifia%20Faras%20Safira/Sekretariat%20Badan%20-%20Bag.%20Umum%20-%20Subbag.%20BMN/2026/09.%20Inventarisasi%20Laptop%20Pegawai%20(setban)/05.%20Umum/05.%20Umum%20-%20Foto%20Laptop/WhatsApp%20Image%202026-05-13%20at%2008.47.10%20(2)_Wahyu%20Adi%20Setyo%20%20Wib.jpeg,https://kemenkeu-my.sharepoint.com/personal/alifia_safira_kemenkeu_go_id/Documents/Alifia%20Faras%20Safira/Sekretariat%20Badan%20-%20Bag.%20Umum%20-%20Subbag.%20BMN/2026/09.%20Inventarisasi%20Laptop%20Pegawai%20(setban)/05.%20Umum/Surat%20Pernyataan%20Peminjaman%20BMN%202026_Wahyu%20Adi%20Setyo%20%20Wib.pdf
145,taufiqur.saputra@kemenkeu.go.id,Prelude Backpack 15.6,Taufiqur Rokhman Agung Saputra,198806102010121003,Bagian Umum,Subbagian Perencanaan dan Pengadaan,HP,,721,721,,https://kemenkeu-my.sharepoint.com/personal/alifia_safira_kemenkeu_go_id/Documents/Alifia%20Faras%20Safira/Sekretariat%20Badan%20-%20Bag.%20Umum%20-%20Subbag.%20BMN/2026/09.%20Inventarisasi%20Laptop%20Pegawai%20(setban)/05.%20Umum/05.%20Umum%20-%20Foto%20Laptop/WhatsApp%20Image%202026-05-13%20at%2008.50.20%20(2)_Taufiqur%20Rokhman%20Agu.jpeg; https://kemenkeu-my.sharepoint.com/personal/alifia_safira_kemenkeu_go_id/Documents/Alifia%20Faras%20Safira/Sekretariat%20Badan%20-%20Bag.%20Umum%20-%20Subbag.%20BMN/2026/09.%20Inventarisasi%20Laptop%20Pegawai%20(setban)/05.%20Umum/05.%20Umum%20-%20Foto%20Laptop/WhatsApp%20Image%202026-05-13%20at%2008.50.20%20(1)_Taufiqur%20Rokhman%20Agu.jpeg; https://kemenkeu-my.sharepoint.com/personal/alifia_safira_kemenkeu_go_id/Documents/Alifia%20Faras%20Safira/Sekretariat%20Badan%20-%20Bag.%20Umum%20-%20Subbag.%20BMN/2026/09.%20Inventarisasi%20Laptop%20Pegawai%20(setban)/05.%20Umum/05.%20Umum%20-%20Foto%20Laptop/WhatsApp%20Image%202026-05-13%20at%2008.50.20_Taufiqur%20Rokhman%20Agu.jpeg,https://kemenkeu-my.sharepoint.com/personal/alifia_safira_kemenkeu_go_id/Documents/Alifia%20Faras%20Safira/Sekretariat%20Badan%20-%20Bag.%20Umum%20-%20Subbag.%20BMN/2026/09.%20Inventarisasi%20Laptop%20Pegawai%20(setban)/05.%20Umum/Surat%20Pernyataan%20Peminjaman_Taufiqur%20Rokhman%20Agu.pdf
146,r.setiawan@kemenkeu.go.id,F1 D14 DN50 5C,R. Erwin Budi Setiawan,197209281993011001,Bagian Umum,Subbagian Rumah Tangga,DAC,,1162,1162,,https://kemenkeu-my.sharepoint.com/personal/alifia_safira_kemenkeu_go_id/Documents/Alifia%20Faras%20Safira/Sekretariat%20Badan%20-%20Bag.%20Umum%20-%20Subbag.%20BMN/2026/09.%20Inventarisasi%20Laptop%20Pegawai%20(setban)/05.%20Umum/05.%20Umum%20-%20Foto%20Laptop/tamapk%20belakang%20I-cherry_R%20Erwin%20Budi%20Setiawa.jpeg; https://kemenkeu-my.sharepoint.com/personal/alifia_safira_kemenkeu_go_id/Documents/Alifia%20Faras%20Safira/Sekretariat%20Badan%20-%20Bag.%20Umum%20-%20Subbag.%20BMN/2026/09.%20Inventarisasi%20Laptop%20Pegawai%20(setban)/05.%20Umum/05.%20Umum%20-%20Foto%20Laptop/tampak%20bawah%20I-Cherry_R%20Erwin%20Budi%20Setiawa.jpeg; https://kemenkeu-my.sharepoint.com/personal/alifia_safira_kemenkeu_go_id/Documents/Alifia%20Faras%20Safira/Sekretariat%20Badan%20-%20Bag.%20Umum%20-%20Subbag.%20BMN/2026/09.%20Inventarisasi%20Laptop%20Pegawai%20(setban)/05.%20Umum/05.%20Umum%20-%20Foto%20Laptop/tampak%20depan-I-Cherry_R%20Erwin%20Budi%20Setiawa.jpeg; https://kemenkeu-my.sharepoint.com/personal/alifia_safira_kemenkeu_go_id/Documents/Alifia%20Faras%20Safira/Sekretariat%20Badan%20-%20Bag.%20Umum%20-%20Subbag.%20BMN/2026/09.%20Inventarisasi%20Laptop%20Pegawai%20(setban)/05.%20Umum/05.%20Umum%20-%20Foto%20Laptop/tampak%20bawah-DAC_R%20Erwin%20Budi%20Setiawa.jpeg; https://kemenkeu-my.sharepoint.com/personal/alifia_safira_kemenkeu_go_id/Documents/Alifia%20Faras%20Safira/Sekretariat%20Badan%20-%20Bag.%20Umum%20-%20Subbag.%20BMN/2026/09.%20Inventarisasi%20Laptop%20Pegawai%20(setban)/05.%20Umum/05.%20Umum%20-%20Foto%20Laptop/tampak%20belakang_DAC_R%20Erwin%20Budi%20Setiawa.jpeg; https://kemenkeu-my.sharepoint.com/personal/alifia_safira_kemenkeu_go_id/Documents/Alifia%20Faras%20Safira/Sekretariat%20Badan%20-%20Bag.%20Umum%20-%20Subbag.%20BMN/2026/09.%20Inventarisasi%20Laptop%20Pegawai%20(setban)/05.%20Umum/05.%20Umum%20-%20Foto%20Laptop/tampak%20depan_DAC_R%20Erwin%20Budi%20Setiawa.jpeg,https://kemenkeu-my.sharepoint.com/personal/alifia_safira_kemenkeu_go_id/Documents/Alifia%20Faras%20Safira/Sekretariat%20Badan%20-%20Bag.%20Umum%20-%20Subbag.%20BMN/2026/09.%20Inventarisasi%20Laptop%20Pegawai%20(setban)/05.%20Umum/Surat%20Pernyataan%20Peminjaman%20Laptop-Erwin-TTE_R%20Erwin%20Budi%20Setiawa.pdf
146,r.setiawan@kemenkeu.go.id,ID77,R. Erwin Budi Setiawan,197209281993011001,Bagian Umum,Subbagian Rumah Tangga,iCherry,,939,939,,https://kemenkeu-my.sharepoint.com/personal/alifia_safira_kemenkeu_go_id/Documents/Alifia%20Faras%20Safira/Sekretariat%20Badan%20-%20Bag.%20Umum%20-%20Subbag.%20BMN/2026/09.%20Inventarisasi%20Laptop%20Pegawai%20(setban)/05.%20Umum/05.%20Umum%20-%20Foto%20Laptop/tamapk%20belakang%20I-cherry_R%20Erwin%20Budi%20Setiawa.jpeg; https://kemenkeu-my.sharepoint.com/personal/alifia_safira_kemenkeu_go_id/Documents/Alifia%20Faras%20Safira/Sekretariat%20Badan%20-%20Bag.%20Umum%20-%20Subbag.%20BMN/2026/09.%20Inventarisasi%20Laptop%20Pegawai%20(setban)/05.%20Umum/05.%20Umum%20-%20Foto%20Laptop/tampak%20bawah%20I-Cherry_R%20Erwin%20Budi%20Setiawa.jpeg; https://kemenkeu-my.sharepoint.com/personal/alifia_safira_kemenkeu_go_id/Documents/Alifia%20Faras%20Safira/Sekretariat%20Badan%20-%20Bag.%20Umum%20-%20Subbag.%20BMN/2026/09.%20Inventarisasi%20Laptop%20Pegawai%20(setban)/05.%20Umum/05.%20Umum%20-%20Foto%20Laptop/tampak%20depan-I-Cherry_R%20Erwin%20Budi%20Setiawa.jpeg; https://kemenkeu-my.sharepoint.com/personal/alifia_safira_kemenkeu_go_id/Documents/Alifia%20Faras%20Safira/Sekretariat%20Badan%20-%20Bag.%20Umum%20-%20Subbag.%20BMN/2026/09.%20Inventarisasi%20Laptop%20Pegawai%20(setban)/05.%20Umum/05.%20Umum%20-%20Foto%20Laptop/tampak%20bawah-DAC_R%20Erwin%20Budi%20Setiawa.jpeg; https://kemenkeu-my.sharepoint.com/personal/alifia_safira_kemenkeu_go_id/Documents/Alifia%20Faras%20Safira/Sekretariat%20Badan%20-%20Bag.%20Umum%20-%20Subbag.%20BMN/2026/09.%20Inventarisasi%20Laptop%20Pegawai%20(setban)/05.%20Umum/05.%20Umum%20-%20Foto%20Laptop/tampak%20belakang_DAC_R%20Erwin%20Budi%20Setiawa.jpeg; https://kemenkeu-my.sharepoint.com/personal/alifia_safira_kemenkeu_go_id/Documents/Alifia%20Faras%20Safira/Sekretariat%20Badan%20-%20Bag.%20Umum%20-%20Subbag.%20BMN/2026/09.%20Inventarisasi%20Laptop%20Pegawai%20(setban)/05.%20Umum/05.%20Umum%20-%20Foto%20Laptop/tampak%20depan_DAC_R%20Erwin%20Budi%20Setiawa.jpeg,https://kemenkeu-my.sharepoint.com/personal/alifia_safira_kemenkeu_go_id/Documents/Alifia%20Faras%20Safira/Sekretariat%20Badan%20-%20Bag.%20Umum%20-%20Subbag.%20BMN/2026/09.%20Inventarisasi%20Laptop%20Pegawai%20(setban)/05.%20Umum/Surat%20Pernyataan%20Peminjaman%20Laptop-Erwin-TTE_R%20Erwin%20Budi%20Setiawa.pdf
147,thaliamaudina@kemenkeu.go.id,7D ARN 787R4060-V832-2TB,Thalia Maudina,199607142018012002,"Bagian Manajemen Pengetahuan, Komunikasi, dan Kerja Sama","Subbagian Komunikasi, Layanan Informasi, dan Kerja Sama",DAC,,1194,1194,,"https://kemenkeu-my.sharepoint.com/personal/alifia_safira_kemenkeu_go_id/Documents/Alifia%20Faras%20Safira/Sekretariat%20Badan%20-%20Bag.%20Umum%20-%20Subbag.%20BMN/2026/09.%20Inventarisasi%20Laptop%20Pegawai%20(setban)/04.%20Manajemen%20Pengetahuan,%20Komunikasi,%20dan%20Kerja%20Sama/04.%20Manajemen%20Pengetahuan,%20Komunikasi,%20dan%20Kerja%20Sama%20-%20Foto%20Laptop/IMG_20260511_081521.jpg_Thalia%20Maudina.jpeg; https://kemenkeu-my.sharepoint.com/personal/alifia_safira_kemenkeu_go_id/Documents/Alifia%20Faras%20Safira/Sekretariat%20Badan%20-%20Bag.%20Umum%20-%20Subbag.%20BMN/2026/09.%20Inventarisasi%20Laptop%20Pegawai%20(setban)/04.%20Manajemen%20Pengetahuan,%20Komunikasi,%20dan%20Kerja%20Sama/04.%20Manajemen%20Pengetahuan,%20Komunikasi,%20dan%20Kerja%20Sama%20-%20Foto%20Laptop/IMG_20260511_081536.jpg_Thalia%20Maudina.jpeg; https://kemenkeu-my.sharepoint.com/personal/alifia_safira_kemenkeu_go_id/Documents/Alifia%20Faras%20Safira/Sekretariat%20Badan%20-%20Bag.%20Umum%20-%20Subbag.%20BMN/2026/09.%20Inventarisasi%20Laptop%20Pegawai%20(setban)/04.%20Manajemen%20Pengetahuan,%20Komunikasi,%20dan%20Kerja%20Sama/04.%20Manajemen%20Pengetahuan,%20Komunikasi,%20dan%20Kerja%20Sama%20-%20Foto%20Laptop/IMG_20260511_081550.jpg_Thalia%20Maudina.jpeg","https://kemenkeu-my.sharepoint.com/personal/alifia_safira_kemenkeu_go_id/Documents/Alifia%20Faras%20Safira/Sekretariat%20Badan%20-%20Bag.%20Umum%20-%20Subbag.%20BMN/2026/09.%20Inventarisasi%20Laptop%20Pegawai%20(setban)/04.%20Manajemen%20Pengetahuan,%20Komunikasi,%20dan%20Kerja%20Sama/Surat%20Peminjaman%20BMN%20Thalia_Thalia%20Maudina.pdf"
148,wening.iswari@kemenkeu.go.id,F1 D14 DN50 5C,Wening Tunjung Iswari,199703082018122001,Bagian Umum,Subbagian Tata Usaha,DAC,,1178,1178,,https://kemenkeu-my.sharepoint.com/personal/alifia_safira_kemenkeu_go_id/Documents/Alifia%20Faras%20Safira/Sekretariat%20Badan%20-%20Bag.%20Umum%20-%20Subbag.%20BMN/2026/09.%20Inventarisasi%20Laptop%20Pegawai%20(setban)/05.%20Umum/05.%20Umum%20-%20Foto%20Laptop/WhatsApp%20Image%202026-05-13%20at%209.36.40%20AM_Wening%20Tunjung%20Iswar.jpeg; https://kemenkeu-my.sharepoint.com/personal/alifia_safira_kemenkeu_go_id/Documents/Alifia%20Faras%20Safira/Sekretariat%20Badan%20-%20Bag.%20Umum%20-%20Subbag.%20BMN/2026/09.%20Inventarisasi%20Laptop%20Pegawai%20(setban)/05.%20Umum/05.%20Umum%20-%20Foto%20Laptop/WhatsApp%20Image%202026-05-13%20at%209.36.39%20AM%20(1)_Wening%20Tunjung%20Iswar.jpeg; https://kemenkeu-my.sharepoint.com/personal/alifia_safira_kemenkeu_go_id/Documents/Alifia%20Faras%20Safira/Sekretariat%20Badan%20-%20Bag.%20Umum%20-%20Subbag.%20BMN/2026/09.%20Inventarisasi%20Laptop%20Pegawai%20(setban)/05.%20Umum/05.%20Umum%20-%20Foto%20Laptop/WhatsApp%20Image%202026-05-13%20at%209.36.39%20AM_Wening%20Tunjung%20Iswar.jpeg; https://kemenkeu-my.sharepoint.com/personal/alifia_safira_kemenkeu_go_id/Documents/Alifia%20Faras%20Safira/Sekretariat%20Badan%20-%20Bag.%20Umum%20-%20Subbag.%20BMN/2026/09.%20Inventarisasi%20Laptop%20Pegawai%20(setban)/05.%20Umum/05.%20Umum%20-%20Foto%20Laptop/WhatsApp%20Image%202026-05-13%20at%209.36.38%20AM%20(1)_Wening%20Tunjung%20Iswar.jpeg; https://kemenkeu-my.sharepoint.com/personal/alifia_safira_kemenkeu_go_id/Documents/Alifia%20Faras%20Safira/Sekretariat%20Badan%20-%20Bag.%20Umum%20-%20Subbag.%20BMN/2026/09.%20Inventarisasi%20Laptop%20Pegawai%20(setban)/05.%20Umum/05.%20Umum%20-%20Foto%20Laptop/WhatsApp%20Image%202026-05-13%20at%209.36.38%20AM_Wening%20Tunjung%20Iswar.jpeg; https://kemenkeu-my.sharepoint.com/personal/alifia_safira_kemenkeu_go_id/Documents/Alifia%20Faras%20Safira/Sekretariat%20Badan%20-%20Bag.%20Umum%20-%20Subbag.%20BMN/2026/09.%20Inventarisasi%20Laptop%20Pegawai%20(setban)/05.%20Umum/05.%20Umum%20-%20Foto%20Laptop/WhatsApp%20Image%202026-05-13%20at%209.36.37%20AM_Wening%20Tunjung%20Iswar.jpeg,https://kemenkeu-my.sharepoint.com/personal/alifia_safira_kemenkeu_go_id/Documents/Alifia%20Faras%20Safira/Sekretariat%20Badan%20-%20Bag.%20Umum%20-%20Subbag.%20BMN/2026/09.%20Inventarisasi%20Laptop%20Pegawai%20(setban)/05.%20Umum/Form%20Peminjaman%20BMN%20Wening_Wening%20Tunjung%20Iswar.pdf
148,wening.iswari@kemenkeu.go.id,F1 D14 DN50 5C,Wening Tunjung Iswari,199703082018122001,Bagian Umum,Subbagian Tata Usaha,DAC,,1177,1177,,https://kemenkeu-my.sharepoint.com/personal/alifia_safira_kemenkeu_go_id/Documents/Alifia%20Faras%20Safira/Sekretariat%20Badan%20-%20Bag.%20Umum%20-%20Subbag.%20BMN/2026/09.%20Inventarisasi%20Laptop%20Pegawai%20(setban)/05.%20Umum/05.%20Umum%20-%20Foto%20Laptop/WhatsApp%20Image%202026-05-13%20at%209.36.40%20AM_Wening%20Tunjung%20Iswar.jpeg; https://kemenkeu-my.sharepoint.com/personal/alifia_safira_kemenkeu_go_id/Documents/Alifia%20Faras%20Safira/Sekretariat%20Badan%20-%20Bag.%20Umum%20-%20Subbag.%20BMN/2026/09.%20Inventarisasi%20Laptop%20Pegawai%20(setban)/05.%20Umum/05.%20Umum%20-%20Foto%20Laptop/WhatsApp%20Image%202026-05-13%20at%209.36.39%20AM%20(1)_Wening%20Tunjung%20Iswar.jpeg; https://kemenkeu-my.sharepoint.com/personal/alifia_safira_kemenkeu_go_id/Documents/Alifia%20Faras%20Safira/Sekretariat%20Badan%20-%20Bag.%20Umum%20-%20Subbag.%20BMN/2026/09.%20Inventarisasi%20Laptop%20Pegawai%20(setban)/05.%20Umum/05.%20Umum%20-%20Foto%20Laptop/WhatsApp%20Image%202026-05-13%20at%209.36.39%20AM_Wening%20Tunjung%20Iswar.jpeg; https://kemenkeu-my.sharepoint.com/personal/alifia_safira_kemenkeu_go_id/Documents/Alifia%20Faras%20Safira/Sekretariat%20Badan%20-%20Bag.%20Umum%20-%20Subbag.%20BMN/2026/09.%20Inventarisasi%20Laptop%20Pegawai%20(setban)/05.%20Umum/05.%20Umum%20-%20Foto%20Laptop/WhatsApp%20Image%202026-05-13%20at%209.36.38%20AM%20(1)_Wening%20Tunjung%20Iswar.jpeg; https://kemenkeu-my.sharepoint.com/personal/alifia_safira_kemenkeu_go_id/Documents/Alifia%20Faras%20Safira/Sekretariat%20Badan%20-%20Bag.%20Umum%20-%20Subbag.%20BMN/2026/09.%20Inventarisasi%20Laptop%20Pegawai%20(setban)/05.%20Umum/05.%20Umum%20-%20Foto%20Laptop/WhatsApp%20Image%202026-05-13%20at%209.36.38%20AM_Wening%20Tunjung%20Iswar.jpeg; https://kemenkeu-my.sharepoint.com/personal/alifia_safira_kemenkeu_go_id/Documents/Alifia%20Faras%20Safira/Sekretariat%20Badan%20-%20Bag.%20Umum%20-%20Subbag.%20BMN/2026/09.%20Inventarisasi%20Laptop%20Pegawai%20(setban)/05.%20Umum/05.%20Umum%20-%20Foto%20Laptop/WhatsApp%20Image%202026-05-13%20at%209.36.37%20AM_Wening%20Tunjung%20Iswar.jpeg,https://kemenkeu-my.sharepoint.com/personal/alifia_safira_kemenkeu_go_id/Documents/Alifia%20Faras%20Safira/Sekretariat%20Badan%20-%20Bag.%20Umum%20-%20Subbag.%20BMN/2026/09.%20Inventarisasi%20Laptop%20Pegawai%20(setban)/05.%20Umum/Form%20Peminjaman%20BMN%20Wening_Wening%20Tunjung%20Iswar.pdf
149,fierda.fardani@kemenkeu.go.id,Travelmate TMP214 Core i5,Fierda Fardani,199212012014112001,Bagian Perencanaan dan Keuangan,Subbagian Perbendaharaan I,Acer,,804,804,,https://kemenkeu-my.sharepoint.com/personal/alifia_safira_kemenkeu_go_id/Documents/Alifia%20Faras%20Safira/Sekretariat%20Badan%20-%20Bag.%20Umum%20-%20Subbag.%20BMN/2026/09.%20Inventarisasi%20Laptop%20Pegawai%20(setban)/03.%20Perencanaan%20dan%20Keuangan/03.%20Perencanaan%20dan%20Keuangan%20-%20Foto%20Laptop/laptop%20bawah_Fierda%20Fardani.jpeg; https://kemenkeu-my.sharepoint.com/personal/alifia_safira_kemenkeu_go_id/Documents/Alifia%20Faras%20Safira/Sekretariat%20Badan%20-%20Bag.%20Umum%20-%20Subbag.%20BMN/2026/09.%20Inventarisasi%20Laptop%20Pegawai%20(setban)/03.%20Perencanaan%20dan%20Keuangan/03.%20Perencanaan%20dan%20Keuangan%20-%20Foto%20Laptop/laptop%20atas_Fierda%20Fardani.jpeg; https://kemenkeu-my.sharepoint.com/personal/alifia_safira_kemenkeu_go_id/Documents/Alifia%20Faras%20Safira/Sekretariat%20Badan%20-%20Bag.%20Umum%20-%20Subbag.%20BMN/2026/09.%20Inventarisasi%20Laptop%20Pegawai%20(setban)/03.%20Perencanaan%20dan%20Keuangan/03.%20Perencanaan%20dan%20Keuangan%20-%20Foto%20Laptop/laptop%20depan_Fierda%20Fardani.jpeg,https://kemenkeu-my.sharepoint.com/personal/alifia_safira_kemenkeu_go_id/Documents/Alifia%20Faras%20Safira/Sekretariat%20Badan%20-%20Bag.%20Umum%20-%20Subbag.%20BMN/2026/09.%20Inventarisasi%20Laptop%20Pegawai%20(setban)/03.%20Perencanaan%20dan%20Keuangan/Surat%20Pernyataan%20Peminjaman%20BMN%20Laptop%20Fierda_Fierda%20Fardani.pdf
150,randy.febriatama@kemenkeu.go.id,Mobile Precision,Randy Febriatama,198802102009121002,"Bagian Manajemen Pengetahuan, Komunikasi, dan Kerja Sama",Subbagian Manajemen Pengetahuan,Dell,,,,,"https://kemenkeu-my.sharepoint.com/personal/alifia_safira_kemenkeu_go_id/Documents/Alifia%20Faras%20Safira/Sekretariat%20Badan%20-%20Bag.%20Umum%20-%20Subbag.%20BMN/2026/09.%20Inventarisasi%20Laptop%20Pegawai%20(setban)/04.%20Manajemen%20Pengetahuan,%20Komunikasi,%20dan%20Kerja%20Sama/04.%20Manajemen%20Pengetahuan,%20Komunikasi,%20dan%20Kerja%20Sama%20-%20Foto%20Laptop/IMG_20260513_163017_Randy%20Febriatama.jpg; https://kemenkeu-my.sharepoint.com/personal/alifia_safira_kemenkeu_go_id/Documents/Alifia%20Faras%20Safira/Sekretariat%20Badan%20-%20Bag.%20Umum%20-%20Subbag.%20BMN/2026/09.%20Inventarisasi%20Laptop%20Pegawai%20(setban)/04.%20Manajemen%20Pengetahuan,%20Komunikasi,%20dan%20Kerja%20Sama/04.%20Manajemen%20Pengetahuan,%20Komunikasi,%20dan%20Kerja%20Sama%20-%20Foto%20Laptop/IMG_20260513_163025_Randy%20Febriatama.jpg; https://kemenkeu-my.sharepoint.com/personal/alifia_safira_kemenkeu_go_id/Documents/Alifia%20Faras%20Safira/Sekretariat%20Badan%20-%20Bag.%20Umum%20-%20Subbag.%20BMN/2026/09.%20Inventarisasi%20Laptop%20Pegawai%20(setban)/04.%20Manajemen%20Pengetahuan,%20Komunikasi,%20dan%20Kerja%20Sama/04.%20Manajemen%20Pengetahuan,%20Komunikasi,%20dan%20Kerja%20Sama%20-%20Foto%20Laptop/IMG_20260513_163037_Randy%20Febriatama.jpg","https://kemenkeu-my.sharepoint.com/personal/alifia_safira_kemenkeu_go_id/Documents/Alifia%20Faras%20Safira/Sekretariat%20Badan%20-%20Bag.%20Umum%20-%20Subbag.%20BMN/2026/09.%20Inventarisasi%20Laptop%20Pegawai%20(setban)/04.%20Manajemen%20Pengetahuan,%20Komunikasi,%20dan%20Kerja%20Sama/Pinjam%20Leptop_RandyF_Randy%20Febriatama.pdf"
151,dedethea@kemenkeu.go.id,F1 D14 DN50 5C,Dede Hendrawan,197711011998031001,Bagian Umum,Subbagian Rumah Tangga,DAC,,1135,1135,,https://kemenkeu-my.sharepoint.com/personal/alifia_safira_kemenkeu_go_id/Documents/Alifia%20Faras%20Safira/Sekretariat%20Badan%20-%20Bag.%20Umum%20-%20Subbag.%20BMN/2026/09.%20Inventarisasi%20Laptop%20Pegawai%20(setban)/05.%20Umum/05.%20Umum%20-%20Foto%20Laptop/IMG_20260513_174342_Dede%20Hendrawan.jpg; https://kemenkeu-my.sharepoint.com/personal/alifia_safira_kemenkeu_go_id/Documents/Alifia%20Faras%20Safira/Sekretariat%20Badan%20-%20Bag.%20Umum%20-%20Subbag.%20BMN/2026/09.%20Inventarisasi%20Laptop%20Pegawai%20(setban)/05.%20Umum/05.%20Umum%20-%20Foto%20Laptop/IMG_20260513_174407_Dede%20Hendrawan.jpg; https://kemenkeu-my.sharepoint.com/personal/alifia_safira_kemenkeu_go_id/Documents/Alifia%20Faras%20Safira/Sekretariat%20Badan%20-%20Bag.%20Umum%20-%20Subbag.%20BMN/2026/09.%20Inventarisasi%20Laptop%20Pegawai%20(setban)/05.%20Umum/05.%20Umum%20-%20Foto%20Laptop/IMG_20260513_174419_Dede%20Hendrawan.jpg,https://kemenkeu-my.sharepoint.com/personal/alifia_safira_kemenkeu_go_id/Documents/Alifia%20Faras%20Safira/Sekretariat%20Badan%20-%20Bag.%20Umum%20-%20Subbag.%20BMN/2026/09.%20Inventarisasi%20Laptop%20Pegawai%20(setban)/05.%20Umum/Surat%20Pernyataan%20Peminjaman%20BMN_Dede%20Hendrawan.pdf
152,ayu.negara@kemenkeu.go.id,Probook 430 G7,Ayu Kusuma Negara,198609102010122004,Bagian Organisasi dan Kepatuhan Internal,Subbagian Hukum dan Kepatuhan Internal,HP,,967,967,,https://kemenkeu-my.sharepoint.com/personal/alifia_safira_kemenkeu_go_id/Documents/Alifia%20Faras%20Safira/Sekretariat%20Badan%20-%20Bag.%20Umum%20-%20Subbag.%20BMN/2026/09.%20Inventarisasi%20Laptop%20Pegawai%20(setban)/01.%20Organisasi%20dan%20Kepatuhan%20Internal/01.%20Organisasi%20dan%20Kepatuhan%20Internal%20-%20Foto%20Laptop/WhatsApp%20Image%202026-05-18%20at%209.10.03%20AM%20(1)_Ayu%20Kusuma%20Negara.jpeg; https://kemenkeu-my.sharepoint.com/personal/alifia_safira_kemenkeu_go_id/Documents/Alifia%20Faras%20Safira/Sekretariat%20Badan%20-%20Bag.%20Umum%20-%20Subbag.%20BMN/2026/09.%20Inventarisasi%20Laptop%20Pegawai%20(setban)/01.%20Organisasi%20dan%20Kepatuhan%20Internal/01.%20Organisasi%20dan%20Kepatuhan%20Internal%20-%20Foto%20Laptop/WhatsApp%20Image%202026-05-18%20at%209.10.03%20AM_Ayu%20Kusuma%20Negara.jpeg; https://kemenkeu-my.sharepoint.com/personal/alifia_safira_kemenkeu_go_id/Documents/Alifia%20Faras%20Safira/Sekretariat%20Badan%20-%20Bag.%20Umum%20-%20Subbag.%20BMN/2026/09.%20Inventarisasi%20Laptop%20Pegawai%20(setban)/01.%20Organisasi%20dan%20Kepatuhan%20Internal/01.%20Organisasi%20dan%20Kepatuhan%20Internal%20-%20Foto%20Laptop/WhatsApp%20Image%202026-05-18%20at%209.10.02%20AM_Ayu%20Kusuma%20Negara.jpeg,https://kemenkeu-my.sharepoint.com/personal/alifia_safira_kemenkeu_go_id/Documents/Alifia%20Faras%20Safira/Sekretariat%20Badan%20-%20Bag.%20Umum%20-%20Subbag.%20BMN/2026/09.%20Inventarisasi%20Laptop%20Pegawai%20(setban)/01.%20Organisasi%20dan%20Kepatuhan%20Internal/Surat%20Pernyataan%20Peminjaman%20BMN_Ayu%20Kusuma%20Negara.pdf
153,thomas.kristanto@kemenkeu.go.id,F1 D14 DN50 5C,Thomas Irwan Kristanto,198709222010121001,Bagian Organisasi dan Kepatuhan Internal,Subbagian Tata Laksana,DAC,,1174,1174,,https://kemenkeu-my.sharepoint.com/personal/alifia_safira_kemenkeu_go_id/Documents/Alifia%20Faras%20Safira/Sekretariat%20Badan%20-%20Bag.%20Umum%20-%20Subbag.%20BMN/2026/09.%20Inventarisasi%20Laptop%20Pegawai%20(setban)/01.%20Organisasi%20dan%20Kepatuhan%20Internal/01.%20Organisasi%20dan%20Kepatuhan%20Internal%20-%20Foto%20Laptop/WhatsApp%20Image%202026-05-18%20at%2009.20.332_Thomas%20Irwan%20Kristan.jpeg; https://kemenkeu-my.sharepoint.com/personal/alifia_safira_kemenkeu_go_id/Documents/Alifia%20Faras%20Safira/Sekretariat%20Badan%20-%20Bag.%20Umum%20-%20Subbag.%20BMN/2026/09.%20Inventarisasi%20Laptop%20Pegawai%20(setban)/01.%20Organisasi%20dan%20Kepatuhan%20Internal/01.%20Organisasi%20dan%20Kepatuhan%20Internal%20-%20Foto%20Laptop/WhatsApp%20Image%202026-05-18%20at%2009.20.33_Thomas%20Irwan%20Kristan.jpeg; https://kemenkeu-my.sharepoint.com/personal/alifia_safira_kemenkeu_go_id/Documents/Alifia%20Faras%20Safira/Sekretariat%20Badan%20-%20Bag.%20Umum%20-%20Subbag.%20BMN/2026/09.%20Inventarisasi%20Laptop%20Pegawai%20(setban)/01.%20Organisasi%20dan%20Kepatuhan%20Internal/01.%20Organisasi%20dan%20Kepatuhan%20Internal%20-%20Foto%20Laptop/WhatsApp%20Image%202026-05-18%20at%2009.20.32_Thomas%20Irwan%20Kristan.jpeg,https://kemenkeu-my.sharepoint.com/personal/alifia_safira_kemenkeu_go_id/Documents/Alifia%20Faras%20Safira/Sekretariat%20Badan%20-%20Bag.%20Umum%20-%20Subbag.%20BMN/2026/09.%20Inventarisasi%20Laptop%20Pegawai%20(setban)/01.%20Organisasi%20dan%20Kepatuhan%20Internal/Surat%20Pernyataan%20Peminjaman%20BMN%20Thomas_Thomas%20Irwan%20Kristan.pdf
154,mk.rezza@kemenkeu.go.id,Probook 730 G7,Muhammad Kamal Rezza,198811152009121004,Bagian Organisasi dan Kepatuhan Internal,Subbagian Tata Laksana,HP,,975,975,,https://kemenkeu-my.sharepoint.com/personal/alifia_safira_kemenkeu_go_id/Documents/Alifia%20Faras%20Safira/Sekretariat%20Badan%20-%20Bag.%20Umum%20-%20Subbag.%20BMN/2026/09.%20Inventarisasi%20Laptop%20Pegawai%20(setban)/01.%20Organisasi%20dan%20Kepatuhan%20Internal/01.%20Organisasi%20dan%20Kepatuhan%20Internal%20-%20Foto%20Laptop/WhatsApp%20Image%202026-05-13%20at%2015.34.34_Muhammad%20Kamal%20Rezza.jpeg; https://kemenkeu-my.sharepoint.com/personal/alifia_safira_kemenkeu_go_id/Documents/Alifia%20Faras%20Safira/Sekretariat%20Badan%20-%20Bag.%20Umum%20-%20Subbag.%20BMN/2026/09.%20Inventarisasi%20Laptop%20Pegawai%20(setban)/01.%20Organisasi%20dan%20Kepatuhan%20Internal/01.%20Organisasi%20dan%20Kepatuhan%20Internal%20-%20Foto%20Laptop/WhatsApp%20Image%202026-05-13%20at%2015.34.33_Muhammad%20Kamal%20Rezza.jpeg; https://kemenkeu-my.sharepoint.com/personal/alifia_safira_kemenkeu_go_id/Documents/Alifia%20Faras%20Safira/Sekretariat%20Badan%20-%20Bag.%20Umum%20-%20Subbag.%20BMN/2026/09.%20Inventarisasi%20Laptop%20Pegawai%20(setban)/01.%20Organisasi%20dan%20Kepatuhan%20Internal/01.%20Organisasi%20dan%20Kepatuhan%20Internal%20-%20Foto%20Laptop/WhatsApp%20Image%202026-05-13%20at%2015.36.45_Muhammad%20Kamal%20Rezza.jpeg,https://kemenkeu-my.sharepoint.com/personal/alifia_safira_kemenkeu_go_id/Documents/Alifia%20Faras%20Safira/Sekretariat%20Badan%20-%20Bag.%20Umum%20-%20Subbag.%20BMN/2026/09.%20Inventarisasi%20Laptop%20Pegawai%20(setban)/01.%20Organisasi%20dan%20Kepatuhan%20Internal/Surat%20Pernyataan%20Peminjaman%20Latop_Muhammad%20Kamal%20Rezza.pdf
155,taufansukma@kemenkeu.go.id,Probook 430 G7,Taufan Sukma Nugraha,198605132007011001,Bagian Umum,Subbagian Pengelolaan Barang Milik Negara,HP,,973,973,,https://kemenkeu-my.sharepoint.com/personal/alifia_safira_kemenkeu_go_id/Documents/Alifia%20Faras%20Safira/Sekretariat%20Badan%20-%20Bag.%20Umum%20-%20Subbag.%20BMN/2026/09.%20Inventarisasi%20Laptop%20Pegawai%20(setban)/05.%20Umum/05.%20Umum%20-%20Foto%20Laptop/WhatsApp%20Image%202026-04-27%20at%2012.56.49%20(1)_Taufan%20Sukma%20Nugraha.jpeg; https://kemenkeu-my.sharepoint.com/personal/alifia_safira_kemenkeu_go_id/Documents/Alifia%20Faras%20Safira/Sekretariat%20Badan%20-%20Bag.%20Umum%20-%20Subbag.%20BMN/2026/09.%20Inventarisasi%20Laptop%20Pegawai%20(setban)/05.%20Umum/05.%20Umum%20-%20Foto%20Laptop/WhatsApp%20Image%202026-04-27%20at%2012.56.49%20(2)_Taufan%20Sukma%20Nugraha.jpeg; https://kemenkeu-my.sharepoint.com/personal/alifia_safira_kemenkeu_go_id/Documents/Alifia%20Faras%20Safira/Sekretariat%20Badan%20-%20Bag.%20Umum%20-%20Subbag.%20BMN/2026/09.%20Inventarisasi%20Laptop%20Pegawai%20(setban)/05.%20Umum/05.%20Umum%20-%20Foto%20Laptop/WhatsApp%20Image%202026-04-27%20at%2012.56.49_Taufan%20Sukma%20Nugraha.jpeg,https://kemenkeu-my.sharepoint.com/personal/alifia_safira_kemenkeu_go_id/Documents/Alifia%20Faras%20Safira/Sekretariat%20Badan%20-%20Bag.%20Umum%20-%20Subbag.%20BMN/2026/09.%20Inventarisasi%20Laptop%20Pegawai%20(setban)/05.%20Umum/Peminjaman%20Laptop%20Taufan_Taufan%20Sukma%20Nugraha.pdf
156,fahmi@kemenkeu.go.id,F1 D14 DN50 5C,Maulina Fahmilita,197105141998032002,Bagian Sumber Daya Manusia,Subbagian Pengembangan Kompetensi,DAC,,1151,1151,,https://kemenkeu-my.sharepoint.com/personal/alifia_safira_kemenkeu_go_id/Documents/Alifia%20Faras%20Safira/Sekretariat%20Badan%20-%20Bag.%20Umum%20-%20Subbag.%20BMN/2026/09.%20Inventarisasi%20Laptop%20Pegawai%20(setban)/02.%20Sumber%20Daya%20Manusia/02.%20Sumber%20Daya%20Manusia%20-%20Foto%20Laptop/WhatsApp%20Image%202026-05-19%20at%2013.00.19%20(1)_Maulina%20Fahmilita.jpeg; https://kemenkeu-my.sharepoint.com/personal/alifia_safira_kemenkeu_go_id/Documents/Alifia%20Faras%20Safira/Sekretariat%20Badan%20-%20Bag.%20Umum%20-%20Subbag.%20BMN/2026/09.%20Inventarisasi%20Laptop%20Pegawai%20(setban)/02.%20Sumber%20Daya%20Manusia/02.%20Sumber%20Daya%20Manusia%20-%20Foto%20Laptop/WhatsApp%20Image%202026-05-19%20at%2013.00.19_Maulina%20Fahmilita.jpeg; https://kemenkeu-my.sharepoint.com/personal/alifia_safira_kemenkeu_go_id/Documents/Alifia%20Faras%20Safira/Sekretariat%20Badan%20-%20Bag.%20Umum%20-%20Subbag.%20BMN/2026/09.%20Inventarisasi%20Laptop%20Pegawai%20(setban)/02.%20Sumber%20Daya%20Manusia/02.%20Sumber%20Daya%20Manusia%20-%20Foto%20Laptop/WhatsApp%20Image%202026-05-19%20at%2013.00.20_Maulina%20Fahmilita.jpeg,https://kemenkeu-my.sharepoint.com/personal/alifia_safira_kemenkeu_go_id/Documents/Alifia%20Faras%20Safira/Sekretariat%20Badan%20-%20Bag.%20Umum%20-%20Subbag.%20BMN/2026/09.%20Inventarisasi%20Laptop%20Pegawai%20(setban)/02.%20Sumber%20Daya%20Manusia/SURAT%20PERNYATAAN%20PEMINJAMAN%20BARANG%20MILIK%20NEGA_Maulina%20Fahmilita.pdf
157,rizka.auli@kemenkeu.go.id,Probook 430 G7,Rizka Auli Maulidina,1.99707E+17,Bagian Umum,Subbagian Rumah Tangga,HP,,972,972,,https://kemenkeu-my.sharepoint.com/personal/alifia_safira_kemenkeu_go_id/Documents/Alifia%20Faras%20Safira/Sekretariat%20Badan%20-%20Bag.%20Umum%20-%20Subbag.%20BMN/2026/09.%20Inventarisasi%20Laptop%20Pegawai%20(setban)/05.%20Umum/05.%20Umum%20-%20Foto%20Laptop/de77bfaa-0f53-437c-a9bc-4f7a9ee9e04a_Rizka%20Auli%20Maulidina.jpeg; https://kemenkeu-my.sharepoint.com/personal/alifia_safira_kemenkeu_go_id/Documents/Alifia%20Faras%20Safira/Sekretariat%20Badan%20-%20Bag.%20Umum%20-%20Subbag.%20BMN/2026/09.%20Inventarisasi%20Laptop%20Pegawai%20(setban)/05.%20Umum/05.%20Umum%20-%20Foto%20Laptop/46b379c6-9f49-4032-8453-235d9aa1ecb4_Rizka%20Auli%20Maulidina.jpeg; https://kemenkeu-my.sharepoint.com/personal/alifia_safira_kemenkeu_go_id/Documents/Alifia%20Faras%20Safira/Sekretariat%20Badan%20-%20Bag.%20Umum%20-%20Subbag.%20BMN/2026/09.%20Inventarisasi%20Laptop%20Pegawai%20(setban)/05.%20Umum/05.%20Umum%20-%20Foto%20Laptop/a9d5d00f-5b6e-4064-b37d-bded5ff82e1a_Rizka%20Auli%20Maulidina.jpeg,https://kemenkeu-my.sharepoint.com/personal/alifia_safira_kemenkeu_go_id/Documents/Alifia%20Faras%20Safira/Sekretariat%20Badan%20-%20Bag.%20Umum%20-%20Subbag.%20BMN/2026/09.%20Inventarisasi%20Laptop%20Pegawai%20(setban)/05.%20Umum/UU%20Nomor%204%20Tahun%202024_Rizka%20Auli%20Maulidina.pdf
